date,player,acca_team,method,team,second_team,odds_scored,market_odds,doubled,win
2023-11-04,Dom,JHP,Win,Ipswich,,1.9090909090909092,1.9090909090909092,0,0
2023-11-04,George,JHP,Win,Barcelona,,2.2,2.2,0,1
2023-11-04,Harry,JHP,Win,Palmero,,2.375,2.375,0,0
2023-11-04,Matt,JHP,Win,Hamburg,,1.55,1.55,0,1
2023-11-04,Sandy,JHP,Win,Wolves,,1.95,1.95,0,0
2023-11-04,Will,JHP,Win,Leipzig,,1.65,1.65,0,0
2023-11-04,Ausy,VDL,Win,AC Milan,,1.45,1.45,0,0
2023-11-04,Fraser,VDL,Win,Real Betis,,1.9090909090909092,1.9090909090909092,0,1
2023-11-04,Henry,VDL,Win,Lens,,1.75,1.75,0,0
2023-11-04,Matteo,VDL,Win,Bayer Leverkusen,,1.5,1.5,0,1
2023-11-04,Tom,VDL,Win,West Brom,,1.9090909090909092,1.9090909090909092,0,1
2023-11-11,Dom,JHP,Win,Ipswich,,1.5333333333333332,1.5333333333333332,0,1
2023-11-11,George,JHP,Win,Porto,,1.7272727272727273,1.7272727272727273,0,1
2023-11-11,Harry,JHP,Win,AC Milan,,1.7272727272727273,1.7272727272727273,0,1
2023-11-11,Matt,JHP,Win,CSKA Sofia,,1.5333333333333332,1.5333333333333332,0,0
2023-11-11,Sandy,JHP,Win,Newcastle,,1.8,1.8,0,0
2023-11-11,Will,JHP,Win,Crystal Palace,,2.55,2.55,0,0
2023-11-11,Ausy,VDL,Win,Hull City,,1.8,1.8,0,1
2023-11-11,Fraser,VDL,Win,Portsmouth,,1.7272727272727273,1.7272727272727273,0,0
2023-11-11,Henry,VDL,Win,PSG,,1.55,1.55,0,1
2023-11-11,Matteo,VDL,Win,Real Sociedad,,1.7,1.7,0,1
2023-11-11,Tom,VDL,Win,Wimbledon,,1.85,1.85,0,1
2023-11-25,Dom,JHP,Win,Leicester,,1.6153846153846154,1.6153846153846154,0,1
2023-11-25,George,JHP,Win,Southampton,,1.8333333333333335,1.8333333333333335,0,0
2023-11-25,Harry,JHP,Win,Como,,1.7272727272727273,1.7272727272727273,0,1
2023-11-25,Matt,JHP,Win,Getafe,,1.8,1.8,0,1
2023-11-25,Sandy,JHP,Win,Barcelona,,1.7,1.7,0,0
2023-11-25,Will,JHP,Win,Stockport,,1.65,1.65,0,0
2023-11-25,Ausy,VDL,Win,Sunderland,,2,2,0,0
2023-11-25,Fraser,VDL,Win,Peterborough,,1.5,1.5,0,1
2023-11-25,Henry,VDL,Win,AC Milan,,2.1,2.1,0,1
2023-11-25,Matteo,VDL,Win,Norwich,,1.7,1.7,0,1
2023-11-25,Tom,VDL,Win,West Ham,,2,2,0,1
2023-12-02,Dom,JHP,Win,Southampton,,1.6153846153846154,1.6153846153846154,0,1
2023-12-02,George,JHP,Win,Leeds,,1.6666666666666665,1.6666666666666665,0,1
2023-12-02,Harry,JHP,Win,Venezia,,1.7272727272727273,1.7272727272727273,0,1
2023-12-02,Matt,JHP,Win,Holstein Kiel,,1.8,1.8,0,1
2023-12-02,Sandy,JHP,Win,Brentford,,1.5333333333333332,1.5333333333333332,0,1
2023-12-02,Will,JHP,Win,N/A,,1.95,1.95,0,0
2023-12-02,Ausy,VDL,Win,Genoa,,2.05,2.05,0,0
2023-12-02,Fraser,VDL,Win,Deportes Tolima,,1.85,1.85,0,0
2023-12-02,Henry,VDL,Win,Real Sociedad,,2.2,2.2,0,0
2023-12-02,Matteo,VDL,Win,Stevenage,,1.95,1.95,0,0
2023-12-02,Tom,VDL,Win,Blackburn,,2.5,2.5,0,0
2023-12-08,Dom,JHP,Win,Blackpool,,1.5,1.5,0,1
2023-12-08,George,JHP,Win,Leeds,,1.7272727272727273,1.7272727272727273,0,1
2023-12-08,Harry,JHP,Win,Notts County,,1.75,1.75,0,0
2023-12-08,Matt,JHP,Win,Sporting,,1.6,1.6,0,0
2023-12-08,Sandy,JHP,Win,Wolves,,1.9090909090909092,1.9090909090909092,0,0
2023-12-08,Will,JHP,Win,Hull City,,2.3,2.3,0,0
2023-12-08,Ausy,VDL,Win,Stevenage,,2.05,2.05,0,1
2023-12-08,Fraser,VDL,Win,Real Madrid,,1.7272727272727273,1.7272727272727273,0,0
2023-12-08,Henry,VDL,Win,Lazio,,1.9090909090909092,1.9090909090909092,0,0
2023-12-08,Matteo,VDL,Win,Man United,,1.6,1.6,0,0
2023-12-08,Tom,VDL,Win,Norwich,,1.95,1.95,0,0
2023-12-15,Dom,JHP,Win,Ipswich,,1.53,1.53,0,0
2023-12-15,George,JHP,Win,Everton,,2.2,2.2,0,1
2023-12-15,Harry,JHP,Win,Cremonese,,1.85,1.85,0,0
2023-12-15,Matt,JHP,Win,Caen,,1.75,1.75,0,1
2023-12-15,Sandy,JHP,Win,Oxford United,,1.6153846153846154,1.6153846153846154,0,1
2023-12-15,Will,JHP,Win,Bolton,,1.6666666666666665,1.6666666666666665,0,0
2023-12-15,Ausy,VDL,Win,Hibernian,,2.3,2.3,0,0
2023-12-15,Fraser,VDL,Win,Venezia,,1.75,1.75,0,0
2023-12-15,Henry,VDL,Win,N/A,,1.92,1.92,0,0
2023-12-15,Matteo,VDL,Win,Nice,,2,2,0,0
2023-12-15,Tom,VDL,Win,Stevenage,,1.5714285714285714,1.5714285714285714,0,0
2023-12-22,Dom,JHP,Win,Newcastle,,1.6666666666666665,1.6666666666666665,0,0
2023-12-22,George,JHP,Win,Plymouth,,2.1,2.1,0,0
2023-12-22,Harry,JHP,Win,Venezia,,1.55,1.55,0,0
2023-12-22,Matt,JHP,Win,Sampdoria,,1.6,1.6,0,0
2023-12-22,Sandy,JHP,Win,Wrexham,,1.5,1.5,0,1
2023-12-22,Will,JHP,Win,Bolton,,1.6153846153846154,1.6153846153846154,0,1
2023-12-22,Ausy,VDL,Win,Southampton,,1.8,1.8,0,1
2023-12-22,Fraser,VDL,Win,Fulham,,1.7,1.7,0,0
2023-12-22,Henry,VDL,Win,Juventus,,1.7,1.7,0,1
2023-12-22,Matteo,VDL,Win,Spurs,,1.6666666666666665,1.6666666666666665,0,1
2023-12-22,Tom,VDL,Win,Sunderland,,1.8333333333333335,1.8333333333333335,0,0
2023-12-26,Dom,JHP,Win,Middlesbrough,,1.5333333333333332,1.5333333333333332,0,0
2023-12-26,George,JHP,Win,Cheltenham,,2.2,2.2,0,1
2023-12-26,Harry,JHP,Win,Southampton,,1.5,1.5,0,1
2023-12-26,Matt,JHP,Win,Stevenage,,1.7,1.7,0,1
2023-12-26,Sandy,JHP,Win,Sheffield United,,2.45,2.45,0,0
2023-12-26,Will,JHP,Win,Wrexham,,1.8333333333333335,1.8333333333333335,0,1
2023-12-26,Ausy,VDL,Win,Oxford United,,1.7272727272727273,1.7272727272727273,0,1
2023-12-26,Fraser,VDL,Win,Birmingham,,2.8,2.8,0,0
2023-12-26,Henry,VDL,Win,Aston Villa,,2.75,2.75,0,1
2023-12-26,Matteo,VDL,Win,Bournemouth,,2,2,0,1
2023-12-26,Tom,VDL,Win,Portsmouth,,2.15,2.15,0,0
2023-12-30,Dom,JHP,Win,Wimbledon,,1.5,1.5,0,1
2023-12-30,George,JHP,Win,N/A,,1.9569999999999999,1.9569999999999999,0,0
2023-12-30,Harry,JHP,Win,Inter Milan,,1.6153846153846154,1.6153846153846154,0,0
2023-12-30,Matt,JHP,Win,Hearts,,1.7,1.7,0,0
2023-12-30,Sandy,JHP,Win,AC Milan,,1.53,1.53,0,1
2023-12-30,Will,JHP,Win,Portsmouth,,1.75,1.75,0,0
2023-12-30,Ausy,VDL,Win,Coventry,,1.75,1.75,0,0
2023-12-30,Fraser,VDL,Win,Fiorentina,,2.2,2.2,0,1
2023-12-30,Henry,VDL,Win,Leicester,,1.5714285714285714,1.5714285714285714,0,1
2023-12-30,Matteo,VDL,Win,Preston North End,,2.3,2.3,0,0
2023-12-30,Tom,VDL,Win,N/A,,1.97,1.97,0,0
2024-01-13,Dom,JHP,Win,Dortmund,,1.55,1.55,0,1
2024-01-13,George,JHP,Win,Man City,,1.6666666666666665,1.6666666666666665,0,1
2024-01-13,Harry,JHP,Win,West Brom,,1.8,1.8,0,1
2024-01-13,Matt,JHP,Win,Como,,1.95,1.95,0,1
2024-01-13,Sandy,JHP,Win,Man City,,2.05,2.05,0,1
2024-01-13,Will,JHP,Win,Peterborough,,1.9090909090909092,1.9090909090909092,0,1
2024-01-13,Ausy,VDL,Win,Oxford United,,2.2,2.2,0,1
2024-01-13,Fraser,VDL,Win,Crewe,,1.95,1.95,0,1
2024-01-13,Henry,VDL,Win,Athletic Bilbao,,1.95,1.95,0,1
2024-01-13,Luke,VDL,Win,Grenoble,,1.6666666666666665,1.6666666666666665,0,0
2024-01-13,Matteo,VDL,Win,Northampton,,2.25,2.25,0,0
2024-01-13,Tom,VDL,Win,Lazio,,1.65,1.65,0,1
2024-01-19,Dom,JHP,Win,AC Milan,,1.85,1.85,0,1
2024-01-19,George,JHP,Win,West Brom,,2.55,2.55,0,0
2024-01-19,Harry,JHP,Win,Besiktas,,1.95,1.95,0,0
2024-01-19,Matt,JHP,Win,Derby,,1.7272727272727273,1.7272727272727273,0,0
2024-01-19,Sandy,JHP,Win,Wrexham,,1.85,1.85,0,0
2024-01-19,Will,JHP,Win,Gillingham,,1.8,1.8,0,0
2024-01-19,Ausy,VDL,Win,Portsmouth,,1.75,1.75,0,1
2024-01-19,Fraser,VDL,Win,Young Boys,,1.5,1.5,0,1
2024-01-19,Henry,VDL,Win,Dortmund,,1.7272727272727273,1.7272727272727273,0,1
2024-01-19,Luke,VDL,Win,Frankfurt,,1.9090909090909092,1.9090909090909092,0,1
2024-01-19,Matteo,VDL,Win,Twente,,1.8,1.8,0,0
2024-01-19,Tom,VDL,Win,MK Dons,,1.5,1.5,0,0
2024-01-27,Dom,JHP,Win,Northampton,,1.8,1.8,0,0
2024-01-27,George,JHP,Win,AC Milan,,1.7272727272727273,1.7272727272727273,0,0
2024-01-27,Harry,JHP,Win,Blackpool,,1.7,1.7,0,0
2024-01-27,Matt,JHP,Win,Paderborn,,2.05,2.05,0,0
2024-01-27,Sandy,JHP,Win,Barnsley,,1.6153846153846154,1.6153846153846154,0,0
2024-01-27,Will,JHP,Win,Crewe,,2,2,0,0
2024-01-27,Ausy,VDL,Win,Portsmouth,,2,2,0,1
2024-01-27,Fraser,VDL,Win,Real Sociedad,,1.6666666666666665,1.6666666666666665,0,0
2024-01-27,Henry,VDL,Win,Wolfsburg,,1.8333333333333335,1.8333333333333335,0,0
2024-01-27,Luke,VDL,Win,Bolton,,1.8,1.8,0,1
2024-01-27,Matteo,VDL,Win,Venezia,,1.6153846153846154,1.6153846153846154,0,1
2024-01-27,Tom,VDL,Win,Wycombe,,1.8,1.8,0,0
2024-02-03,Dom,JHP,Win,Leyton Orient,,1.7,1.7,0,1
2024-02-03,George,JHP,Win,Fulham,,2.45,2.45,0,1
2024-02-03,Harry,JHP,Win,Young Boys,,2.1,2.1,0,1
2024-02-03,Matt,JHP,Win,Peterborough,,1.5,1.5,0,0
2024-02-03,Sandy,JHP,Win,Rennes,,1.6153846153846154,1.6153846153846154,0,1
2024-02-03,Will,JHP,Win,Colchester,,2.25,2.25,0,0
2024-02-03,Ausy,VDL,Win,Ipswich,,2,2,0,0
2024-02-03,Fraser,VDL,Win,NEC,,1.65,1.65,0,1
2024-02-03,Henry,VDL,Win,AC Milan,,1.6153846153846154,1.6153846153846154,0,1
2024-02-03,Luke,VDL,Win,Leicester,,1.8333333333333335,1.8333333333333335,0,1
2024-02-03,Matteo,VDL,Win,Accrington Stanley,,2.05,2.05,0,0
2024-02-03,Tom,VDL,Win,Watford,,1.8333333333333335,1.8333333333333335,0,0
2024-02-10,Dom,JHP,Win,Leicester,,1.7,1.7,0,1
2024-02-10,George,JHP,Win,Hull,,1.7272727272727273,1.7272727272727273,0,0
2024-02-10,Harry,JHP,Win,Portsmouth,,1.6153846153846154,1.6153846153846154,0,1
2024-02-10,Matt,JHP,Win,Wrexham,,1.8,1.8,0,0
2024-02-10,Sandy,JHP,Win,Wolves,,2.1,2.1,0,0
2024-02-10,Will,JHP,Win,Bolton,,1.8,1.8,0,0
2024-02-10,Ausy,VDL,Win,Peterborough,,2.2,2.2,0,0
2024-02-10,Fraser,VDL,Win,Crewe,,2,2,0,1
2024-02-10,Henry,VDL,Win,Real Sociedad,,1.85,1.85,0,0
2024-02-10,Luke,VDL,Win,Luton,,1.75,1.75,0,0
2024-02-10,Matteo,VDL,Win,Wigan,,2.1,2.1,0,0
2024-02-10,Tom,VDL,Win,Werder Bremen,,1.8,1.8,0,0
2024-02-17,Dom,JHP,Win,Ipswich,,1.9,1.9,0,1
2024-02-17,George,JHP,Win,Norwich,,1.8,1.8,0,1
2024-02-17,Harry,JHP,Win,Bolton,,1.65,1.65,0,0
2024-02-17,Matt,JHP,Win,Lille,,1.53,1.53,0,1
2024-02-17,Sandy,JHP,Win,Leicester,,1.57,1.57,0,0
2024-02-17,Will,JHP,Win,Stockport,,1.75,1.75,0,0
2024-02-17,Ausy,VDL,Win,Barcelona,,1.85,1.85,0,1
2024-02-17,Fraser,VDL,Win,Newcastle,,1.9,1.9,0,0
2024-02-17,Henry,VDL,Win,Juventus,,1.66,1.66,0,0
2024-02-17,Luke,VDL,Win,Mansfield,,2,2,0,0
2024-02-17,Matteo,VDL,Win,Bristol City,,1.95,1.95,0,0
2024-02-17,Tom,VDL,Win,Portsmouth,,1.57,1.57,0,1
2024-02-24,Dom,JHP,Win,QPR,,1.65,1.65,0,1
2024-02-24,George,JHP,Win,Bayern Munich,,1.66,1.66,0,1
2024-02-24,Harry,JHP,Win,Portsmouth,,1.9,1.9,0,0
2024-02-24,Matt,JHP,Win,Mansfield,,1.57,1.57,0,1
2024-02-24,Sandy,JHP,Win,Aston Villa,,1.53,1.53,0,1
2024-02-24,Will,JHP,Win,Werder Bremen,,1.65,1.65,0,0
2024-02-24,Ausy,VDL,Win,Stevenage,,1.9,1.9,0,1
2024-02-24,Fraser,VDL,Win,Levski Sofia,,1.61,1.61,0,1
2024-02-24,Henry,VDL,Win,Ipswich,,1.55,1.55,0,1
2024-02-24,Luke,VDL,Win,Athletico Madrid,,1.7,1.7,0,0
2024-02-24,Matteo,VDL,Win,MK Dons,,1.66,1.66,0,1
2024-02-24,Tom,VDL,Win,Man United,,1.53,1.53,0,0
2024-03-02,Dom,JHP,Win,Aston Villa,,1.72,1.72,0,1
2024-03-02,George,JHP,Win,Reading,,2.1,2.1,0,1
2024-03-02,Harry,JHP,Win,FC Twente,,1.61,1.61,0,1
2024-03-02,Matt,JHP,Win,Peterborough,,1.5,1.5,0,1
2024-03-02,Sandy,JHP,Win,Bolton,,1.55,1.55,0,1
2024-03-02,Will,JHP,Win,Real Madrid,,1.66,1.66,0,0
2024-03-02,Ausy,VDL,Win,Walsall,,1.95,1.95,0,1
2024-03-02,Fraser,VDL,Win,Portsmouth,,1.72,1.72,0,1
2024-03-02,Henry,VDL,Win,Ipswich,,1.65,1.65,0,1
2024-03-02,Luke,VDL,Win,Stuttgart,,2.15,2.15,0,1
2024-03-02,Matteo,VDL,Win,Roma,,2.1,2.1,0,1
2024-03-02,Tom,VDL,Win,Crewe,,1.9,1.9,0,1
2024-03-09,Dom,JHP,Win,Mansfield,,1.53,1.53,0,1
2024-03-09,George,JHP,Win,Cagliari,,1.83,1.83,0,1
2024-03-09,Harry,JHP,Win,Athletico Madrid,,1.72,1.72,0,0
2024-03-09,Matt,JHP,Win,Charlton,,1.55,1.55,0,1
2024-03-09,Sandy,JHP,Win,Girona,,1.61,1.61,0,1
2024-03-09,Will,JHP,Win,MK Dons,,1.75,1.75,0,1
2024-03-09,Ausy,VDL,Win,Bolton,,1.8,1.8,0,0
2024-03-09,Fraser,VDL,Win,Guimaraes,,1.83,1.83,0,1
2024-03-09,Henry,VDL,Win,Inter,,2.15,2.15,0,1
2024-03-09,Luke,VDL,Win,Walsall,,2.2,2.2,0,0
2024-03-09,Matteo,VDL,Win,Stevenage,,1.61,1.61,0,0
2024-03-09,Tom,VDL,Win,Peterborough,,1.72,1.72,0,1
2024-03-16,Dom,JHP,Win,Ipswich,,1.55,1.55,0,1
2024-03-16,George,JHP,Win,Spurs,,1.95,1.95,0,0
2024-03-16,Harry,JHP,Win,Barnsley,,1.75,1.75,0,0
2024-03-16,Matt,JHP,Win,West Brom,,1.8,1.8,0,1
2024-03-16,Sandy,JHP,Win,Barrow,,1.55,1.55,0,0
2024-03-16,Will,JHP,Win,Lugano,,1.57,1.57,0,1
2024-03-16,Ausy,VDL,Win,Real Madrid,,1.53,1.53,0,1
2024-03-16,Fraser,VDL,Win,Apoel Nicosia,,1.9,1.9,0,0
2024-03-16,Henry,VDL,Win,Lazio,,2.15,2.15,0,1
2024-03-16,Luke,VDL,Win,Hearts,,1.8,1.8,0,0
2024-03-16,Matteo,VDL,Win,Middlesbrough,,1.9,1.9,0,0
2024-03-16,Tom,VDL,Win,Wrexham,,1.53,1.53,0,0
2024-03-29,Dom,JHP,Win,Barrow,,1.85,1.85,0,1
2024-03-29,George,JHP,Win,Derby,,1.83,1.83,0,1
2024-03-29,Harry,JHP,Win,Lincoln,,2.05,2.05,0,1
2024-03-29,Matt,JHP,Win,Wigan,,1.95,1.95,0,0
2024-03-29,Sandy,JHP,Win,Norwich,,1.5,1.5,0,1
2024-03-29,Will,JHP,Win,Leeds,,1.5,1.5,0,0
2024-03-29,Ausy,VDL,Win,Portsmouth,,2.05,2.05,0,1
2024-03-29,Fraser,VDL,Win,Hull,,1.95,1.95,0,0
2024-03-29,Henry,VDL,Win,Ipswich,,1.9,1.9,0,1
2024-03-29,Luke,VDL,Win,Stockport,,1.65,1.65,0,1
2024-03-29,Matteo,VDL,Win,Preston,,1.5,1.5,0,1
2024-03-29,Tom,VDL,Win,Southampton,,1.55,1.55,0,0
2024-03-30,Dom,JHP,Win,Augsburg,,1.75,1.75,0,0
2024-03-30,George,JHP,Win,Genoa,,2,2,0,0
2024-03-30,Harry,JHP,Win,Leganes,,1.57,1.57,0,0
2024-03-30,Matt,JHP,Win,Real Madrid,,1.53,1.53,0,1
2024-03-30,Sandy,JHP,Win,Fulham,,1.66,1.66,0,0
2024-03-30,Will,JHP,Win,Millwall,,1.83,1.83,0,0
2024-03-30,Ausy,VDL,Win,Monaco,,1.61,1.61,0,1
2024-03-30,Fraser,VDL,Win,Man United,,2.25,2.25,0,0
2024-03-30,Henry,VDL,Win,Coventry,,1.5,1.5,0,0
2024-03-30,Luke,VDL,Win,Preston,,2.9,2.9,0,0
2024-03-30,Matteo,VDL,Win,Roma,,1.9,1.9,0,0
2024-03-30,Tom,VDL,Win,Hearts,,2.05,2.05,0,0
2024-04-06,Dom,JHP,Win,Barrow,,1.65,1.65,0,0
2024-04-06,George,JHP,Win,Oxford United,,1.95,1.95,0,1
2024-04-06,Harry,JHP,Win,Lincoln,,2.45,2.45,0,0
2024-04-06,Matt,JHP,Win,Stockport,,1.72,1.72,0,1
2024-04-06,Sandy,JHP,Win,Arsenal,,1.61,1.61,0,1
2024-04-06,Will,JHP,Win,Aston Villa,,1.7,1.7,0,1
2024-04-06,Ausy,VDL,Win,Wrexham,,2,2,0,1
2024-04-06,Fraser,VDL,Win,Middlesbrough,,1.75,1.75,0,1
2024-04-06,Henry,VDL,Win,Dortmund,,2.05,2.05,0,0
2024-04-06,Luke,VDL,Win,MK Dons,,1.7,1.7,0,1
2024-04-06,Matteo,VDL,Win,Bolton,,1.6,1.6,0,1
2024-04-06,Tom,VDL,Win,Southampton,,1.8,1.8,0,0
2024-04-13,Dom,JHP,Win,Doncaster,,1.75,1.75,0,1
2024-04-13,George,JHP,Win,Blackpool,,1.65,1.65,0,1
2024-04-13,Harry,JHP,Win,Lugano,,2.05,2.05,0,1
2024-04-13,Matt,JHP,Win,Hull,,2.05,2.05,0,1
2024-04-13,Sandy,JHP,Win,Derby,,1.5,1.5,0,1
2024-04-13,Will,JHP,Win,Brighton,,2,2,0,0
2024-04-13,Ausy,VDL,Win,Ipswich,,1.75,1.75,0,0
2024-04-13,Fraser,VDL,Win,Sheffield Wednesday,,2.62,2.62,0,0
2024-04-13,Henry,VDL,Win,Bologna,,1.55,1.55,0,0
2024-04-13,Luke,VDL,Win,Real Madrid,,1.75,1.75,0,1
2024-04-13,Matteo,VDL,Win,Lincoln,,1.66,1.66,0,0
2024-04-13,Tom,VDL,Win,Stevenage,,1.53,1.53,0,0
2024-04-20,Dom,JHP,Win,Mansfield,,1.95,1.95,0,1
2024-04-20,George,JHP,Win,Napoli,,1.66,1.66,0,0
2024-04-20,Harry,JHP,Win,Banska Bystrica,,1.9,1.9,0,1
2024-04-20,Matt,JHP,Win,Peterborough,,1.7,1.7,0,1
2024-04-20,Sandy,JHP,Win,Birmingham,,1.61,1.61,0,0
2024-04-20,Will,JHP,Win,Norwich,,1.66,1.66,0,0
2024-04-20,Ausy,VDL,Win,Leyton Orient,,2.1,2.1,0,0
2024-04-20,Fraser,VDL,Win,Doncaster,,2.1,2.1,0,1
2024-04-20,Henry,VDL,Win,Portsmouth,,1.66,1.66,0,0
2024-04-20,Luke,VDL,Win,Derby,,1.55,1.55,0,1
2024-04-20,Matteo,VDL,Win,Venezia,,1.72,1.72,0,1
2024-04-20,Tom,VDL,Win,Wycombe,,2,2,0,1
2024-04-27,Dom,JHP,Win,Lazio,,1.61,1.61,0,1
2024-04-27,George,JHP,Win,MK Dons,,2.1,2.1,0,1
2024-04-27,Harry,JHP,Win,Southampton,,1.72,1.72,0,0
2024-04-27,Matt,JHP,Win,Ipswich,,2.25,2.25,0,0
2024-04-27,Sandy,JHP,Win,Norwich,,1.65,1.65,0,0
2024-04-27,Will,JHP,Win,Crawley,,1.61,1.61,0,1
2024-04-27,Ausy,VDL,Win,West Brom,,2.45,2.45,0,0
2024-04-27,Fraser,VDL,Win,Aston Villa,,2.1,2.1,0,1
2024-04-27,Henry,VDL,Win,Man United,,1.57,1.57,0,0
2024-04-27,Luke,VDL,Win,Blackpool,,2,2,0,0
2024-04-27,Matteo,VDL,Win,Wigan,,2.05,2.05,0,1
2024-04-27,Tom,VDL,Win,Girona,,1.72,1.72,0,1
2024-05-04,Dom,JHP,Win,Leicester,,1.66,1.66,0,0
2024-05-04,George,JHP,Win,Newcastle,,1.95,1.95,0,1
2024-05-04,Harry,JHP,Win,Inter Milan,,1.5,1.5,0,0
2024-05-04,Matt,JHP,Win,Athletico Madrid,,2.15,2.15,0,1
2024-05-04,Sandy,JHP,Win,Notts Forest,,1.61,1.61,0,1
2024-05-04,Will,JHP,Win,Leeds,,1.57,1.57,0,0
2024-05-04,Ausy,VDL,Win,Dortmund,,1.85,1.85,0,1
2024-05-04,Fraser,VDL,Win,Hull,,2,2,0,0
2024-05-04,Henry,VDL,Win,Middlesbrough,,1.7,1.7,0,1
2024-05-04,Luke,VDL,Win,Oxford United,,2.3,2.3,0,1
2024-05-04,Matteo,VDL,Win,Lazio,,1.83,1.83,0,0
2024-05-04,Tom,VDL,Win,Cardiff,,2.2,2.2,0,0
2024-05-11,Dom,JHP,Win,Schalke,,1.85,1.85,0,1
2024-05-11,George,JHP,Win,Napoli,,2.1,2.1,0,0
2024-05-11,Harry,JHP,Win,AIK,,1.65,1.65,0,0
2024-05-11,Matt,JHP,Win,Racing Santander,,1.8,1.8,0,1
2024-05-11,Sandy,JHP,Win,Leverkusen,,1.7,1.7,0,1
2024-05-11,Will,JHP,Win,Lyon,,1.55,1.55,0,1
2024-05-11,Ausy,VDL,Win,Lazio,,1.57,1.57,0,1
2024-05-11,Fraser,VDL,Win,Ludogrets Razgrad,,1.61,1.61,0,1
2024-05-11,Henry,VDL,Win,Freiburg,,1.7,1.7,0,0
2024-05-11,Luke,VDL,Win,Chelsea,,2,2,0,1
2024-05-11,Matteo,VDL,Win,Sturm Graz,,2.5,2.5,0,0
2024-05-11,Tom,VDL,Win,West Ham,,1.8,1.8,0,1
2024-05-19,Dom,JHP,Win,Leganes,,2.1,2.1,0,1
2024-05-19,George,JHP,Win,Crystal Palace,,1.85,1.85,0,1
2024-05-19,Harry,JHP,Win,PSG,,1.57,1.57,0,1
2024-05-19,Matt,JHP,Win,Boavista,,1.61,1.61,0,0
2024-05-19,Sandy,JHP,Win,Brest,,1.85,1.85,0,1
2024-05-19,Will,JHP,Win,Racing Santander,,3.1,3.1,0,1
2024-05-19,Ausy,VDL,Win,Real Madrid,,2,2,0,1
2024-05-19,Fraser,VDL,Win,Draw,,4,4,0,0
2024-05-19,Henry,VDL,Win,Newcastle,,2.2,2.2,0,1
2024-05-19,Luke,VDL,Win,Draw,,3.5,3.5,0,0
2024-05-19,Matteo,VDL,Win,Roma,,1.5,1.5,0,1
2024-05-19,Tom,VDL,Win,Bolton,,1.85,1.85,0,0
2024-08-17,Dom,JHP,Win,Inter Milan,,1.53,1.53,0,0
2024-08-17,George,JHP,Win,Sheffield United,,1.8,1.8,0,1
2024-08-17,Harry,JHP,BTTS,Parma,Fiorentina,1.66,1.66,0,1
2024-08-17,Matt,JHP,BTTS,Lincoln,Barnsley,1.8,1.8,0,1
2024-08-17,Sandy,JHP,Win,Bradford,,1.72,1.72,0,0
2024-08-17,Will,JHP,Win,Mansfield,,1.8,1.8,0,0
2024-08-17,Ausy,VDL,Win,Norwich,,2,2,0,0
2024-08-17,Fraser,VDL,Win,Huddersfield,,1.72,1.72,0,1
2024-08-17,Henry,VDL,Win,Barcelona,,1.72,1.72,0,1
2024-08-17,Luke,VDL,BTTS,West Brom,Leeds,1.8,1.8,0,0
2024-08-17,Matteo,VDL,Win,AC Milan,,1.66,1.66,0,0
2024-08-17,Tom,VDL,Win,Swansea,,1.95,1.95,0,1
2024-08-24,Dom,JHP,Win,QPR,,1.66,1.66,0,0
2024-08-24,George,JHP,Win,Watford,,1.85,1.85,0,1
2024-08-24,Harry,JHP,BTTS,West Ham,Crystal Palace,1.66,1.66,0,0
2024-08-24,Matt,JHP,Win,Bradford,,1.7,1.7,0,1
2024-08-24,Sandy,JHP,BTTS,Aston Villa,Arsenal,1.66,1.66,0,0
2024-08-24,Will,JHP,Win,Chesterfield,,1.6,1.6,0,0
2024-08-24,Ausy,VDL,Win,Mainz,,1.95,1.95,0,0
2024-08-24,Fraser,VDL,Win,Stockport,,1.7,1.7,0,1
2024-08-24,Henry,VDL,Win,Sampdoria,,1.66,1.66,0,0
2024-08-24,Luke,VDL,Win,Barcelona,,1.62,1.62,0,1
2024-08-24,Matteo,VDL,Win,AC Milan,,1.7,1.7,0,0
2024-08-24,Tom,VDL,BTTS,Man United,Brighton,1.5,1.5,0,1
2024-08-31,Dom,JHP,Win,West Brom,,1.8,1.8,0,1
2024-08-31,George,JHP,Win,Bromley,,1.95,1.95,0,0
2024-08-31,Harry,JHP,BTTS,FC Porto,Sporting Lisbon,1.66,1.66,0,0
2024-08-31,Matt,JHP,Win,Bayer Leverkusen,,1.75,1.75,0,1
2024-08-31,Sandy,JHP,Win,Walsall,,1.7,1.7,0,1
2024-08-31,Will,JHP,Win,Huddersfield,,2.37,2.37,0,0
2024-08-31,Ausy,VDL,Win,Coventry,,1.83,1.83,0,0
2024-08-31,Fraser,VDL,Win,Mjallby AIF,,1.53,1.53,0,1
2024-08-31,Henry,VDL,Win,Brentford,,1.72,1.72,0,1
2024-08-31,Luke,VDL,Win,Aberdeen,,1.95,1.95,0,1
2024-08-31,Matteo,VDL,Win,Burnley,,1.8,1.8,0,0
2024-08-31,Tom,VDL,Win,Aston Villa,,1.72,1.72,0,1
2024-09-14,Dom,JHP,Win,Marseille,,1.7,1.7,0,1
2024-09-14,George,JHP,Win,Juventus,,1.7,1.7,0,0
2024-09-14,Harry,JHP,Win,Sunderland,,1.8,1.8,0,0
2024-09-14,Matt,JHP,Win,Real Madrid,,1.7,1.7,0,1
2024-09-14,Sandy,JHP,Win,Crystal Palace,,1.61,1.61,0,0
2024-09-14,Will,JHP,Win,Reading,,1.85,1.85,0,0
2024-09-14,Ausy,VDL,Win,Leeds,,1.73,1.73,0,0
2024-09-14,Fraser,VDL,Win,Chelsea,,2.05,2.05,0,1
2024-09-14,Henry,VDL,Win,Monaco,,1.85,1.85,0,1
2024-09-14,Luke,VDL,Win,Aston Villa,,1.5,1.5,0,1
2024-09-14,Matteo,VDL,Win,Freiburg,,1.7,1.7,0,1
2024-09-14,Tom,VDL,Win,Bayer Leverkusen,,1.48,1.48,0,1
2024-09-21,Dom,JHP,Win,Lille,,1.7,1.7,0,1
2024-09-21,George,JHP,Win,Wycombe,,1.7,1.7,0,1
2024-09-21,Harry,JHP,BTTS,Freiburg,Heidenheim,1.57,1.57,0,0
2024-09-21,Matt,JHP,Win,Mansfield,,1.7,1.7,0,1
2024-09-21,Sandy,JHP,Win,Sheffield United,,1.55,1.55,0,1
2024-09-21,Will,JHP,Win,Colchester,,2.1,2.1,0,1
2024-09-21,Ausy,VDL,Win,Aston Villa,,1.57,1.57,0,1
2024-09-21,Fraser,VDL,Win,Leeds,,1.65,1.65,0,1
2024-09-21,Henry,VDL,BTTS,Frankfurt,Gladbach,1.5,1.5,0,0
2024-09-21,Luke,VDL,Win,Stockport,,1.55,1.55,0,0
2024-09-21,Matteo,VDL,Win,Birmingham,,2.05,2.05,0,1
2024-09-21,Tom,VDL,BTTS,Crystal Palace,Man United,1.5,1.5,0,0
2024-09-23,Dom,JHP,Win,West Brom,,1.66,1.66,0,0
2024-09-23,George,JHP,Win,Girona,,1.66,1.66,0,1
2024-09-23,Harry,JHP,BTTS,Dortmund,Freiburg,1.61,1.61,0,0
2024-09-23,Matt,JHP,Win,Frankfurt,,1.7,1.7,0,1
2024-09-23,Sandy,JHP,BTTS,Everton,Brentford,1.66,1.66,0,0
2024-09-23,Will,JHP,Win,Wrexham,,1.8,1.8,0,1
2024-09-23,Ausy,VDL,Win,Stockport,,1.91,1.91,0,1
2024-09-23,Fraser,VDL,Win,Fulham,,1.65,1.65,0,0
2024-09-23,Henry,VDL,Win,Atalanta,,1.61,1.61,0,1
2024-09-23,Luke,VDL,Win,Barcelona,,1.67,1.67,0,1
2024-09-23,Matteo,VDL,Win,Aston Villa,,1.6,1.6,0,0
2024-09-23,Tom,VDL,BTTS,Bournemouth,Brighton,1.5,1.5,0,1
2024-09-28,Dom,JHP,Win,Sheffield United,,1.85,1.85,0,0
2024-09-28,George,JHP,Win,Juventus,,1.73,1.73,0,1
2024-09-28,Harry,JHP,Win,Rapid Vienna,,1.85,1.85,0,0
2024-09-28,Matt,JHP,BTTS,Everton,Crystal Palace,1.66,1.66,0,1
2024-09-28,Sandy,JHP,Win,Birmingham,,1.57,1.57,0,1
2024-09-28,Will,JHP,Win,Leeds,,1.57,1.57,0,1
2024-09-28,Ausy,VDL,Win,SC Freiburg,,1.62,1.62,0,0
2024-09-28,Fraser,VDL,Win,Hull,,1.9,1.9,0,1
2024-09-28,Henry,VDL,Win,Inter Milan,,1.5,1.5,0,1
2024-09-28,Luke,VDL,Win,Notts County,,1.75,1.75,0,0
2024-09-28,Matteo,VDL,Win,Port Vale,,1.9,1.9,0,1
2024-09-28,Tom,VDL,BTTS,Chelsea,Brighton,1.53,1.53,0,1
2024-10-05,Dom,JHP,Win,West Brom,,1.9,1.9,0,0
2024-10-05,George,JHP,Win,Barrow,,1.66,1.66,0,1
2024-10-05,Harry,JHP,Win,Sheffield United,,1.91,1.91,0,1
2024-10-05,Matt,JHP,BTTS,Brentford,Wolves,1.61,1.61,0,1
2024-10-05,Sandy,JHP,Win,Exeter,,1.7,1.7,0,1
2024-10-05,Will,JHP,Win,Wrexham,,1.55,1.55,0,1
2024-10-05,Ausy,VDL,Win,Dortmund,,2.2,2.2,0,0
2024-10-05,Fraser,VDL,Win,Birmingham,,1.8,1.8,0,0
2024-10-05,Henry,VDL,Win,Lille,,1.72,1.72,0,1
2024-10-05,Luke,VDL,Win,Wycombe,,1.57,1.57,0,1
2024-10-05,Matteo,VDL,BTTS,West Ham,Ipswich,1.66,1.66,0,1
2024-10-05,Tom,VDL,BTTS,Everton,Newcastle,1.57,1.57,0,0
2024-10-19,Dom,JHP,BTTS,Man United,Brentford,1.53,1.53,0,1
2024-10-19,George,JHP,Win,Real Madrid,,1.6,1.6,0,1
2024-10-19,Harry,JHP,Win,Arsenal,,1.65,1.65,0,0
2024-10-19,Matt,JHP,BTTS,Bayer Leverkusen,Frankfurt,1.53,1.53,0,1
2024-10-19,Sandy,JHP,BTTS,Fulham,Aston Villa,1.61,1.61,0,1
2024-10-19,Will,JHP,Win,Burnley,,2.6,2.6,0,1
2024-10-19,Ausy,VDL,Win,Colchester,,1.85,1.85,0,0
2024-10-19,Fraser,VDL,Win,Mansfield,,2.35,2.35,0,0
2024-10-19,Henry,VDL,Win,Freiburg,,1.72,1.72,0,1
2024-10-19,Luke,VDL,BTTS,Ipswich,Everton,1.61,1.61,0,0
2024-10-19,Matteo,VDL,BTTS,Brest,Rennes,1.75,1.75,0,1
2024-10-19,Tom,VDL,BTTS,Leicester,Southampton,1.57,1.57,0,1
2024-10-26,Dom,JHP,Win,West Brom,,1.66,1.66,0,0
2024-10-26,George,JHP,Win,Sheffield United,,1.75,1.75,0,1
2024-10-26,Harry,JHP,Win,Burnley,,1.65,1.65,0,0
2024-10-26,Matt,JHP,BTTS,Augsburg,Dortmund,1.5,1.5,0,1
2024-10-26,Sandy,JHP,Win,Bayer Leverkusen,,1.5,1.5,0,0
2024-10-26,Will,JHP,Win,Notts County,,1.53,1.53,0,1
2024-10-26,Ausy,VDL,Win,Sunderland,,1.55,1.55,0,1
2024-10-26,Fraser,VDL,Win,Aston Villa,,1.85,1.85,0,0
2024-10-26,Henry,VDL,Win,RB Leipzig,,1.7,1.7,0,1
2024-10-26,Luke,VDL,Win,Wycombe,,1.9,1.9,0,1
2024-10-26,Matteo,VDL,Win,Brentford,,1.66,1.66,0,1
2024-10-26,Tom,VDL,Win,Brighton,,1.61,1.61,0,1
2024-11-02,Dom,JHP,BTTS,Ipswich,Leicester,1.57,1.57,0,1
2024-11-02,George,JHP,Win,Racing Santander,,1.72,1.72,0,0
2024-11-02,Harry,JHP,BTTS,Ajax,PSV,1.5,1.5,0,1
2024-11-02,Matt,JHP,Win,Besiktas,,1.57,1.57,0,0
2024-11-02,Sandy,JHP,BTTS,Wolves,Crystal Palace,1.66,1.66,0,1
2024-11-02,Will,JHP,Win,Bradford,,1.53,1.53,0,1
2024-11-02,Ausy,VDL,Win,Man City,,1.57,1.57,0,0
2024-11-02,Fraser,VDL,Win,Sunderland,,2.05,2.05,0,0
2024-11-02,Henry,VDL,Win,Hoffenheim,,1.83,1.83,0,0
2024-11-02,Luke,VDL,BTTS,Middlesbrough,Coventry,1.66,1.66,0,0
2024-11-02,Matteo,VDL,BTTS,Wolfsberg,Augsburg,1.57,1.57,0,1
2024-11-02,Tom,VDL,BTTS,Notts Forest,West Ham,1.66,1.66,0,0
2024-11-09,Dom,JHP,Win,RB Leipzig,,1.57,1.57,0,0
2024-11-09,George,JHP,Win,Wolves,,1.95,1.95,0,1
2024-11-09,Harry,JHP,Win,Wycombe,,2.25,2.25,0,1
2024-11-09,Matt,JHP,BTTS,Stockport,Bolton,1.7,1.7,0,0
2024-11-09,Sandy,JHP,Win,Juventus,,1.57,1.57,0,1
2024-11-09,Will,JHP,Win,MK Dons,,1.85,1.85,0,1
2024-11-09,Ausy,VDL,Win,Sunderland,,2.15,2.15,0,1
2024-11-09,Fraser,VDL,Win,Aberdeen,,1.61,1.61,0,1
2024-11-09,Henry,VDL,Win,Man City,,1.75,1.75,0,0
2024-11-09,Luke,VDL,Win,Villarreal,,1.62,1.62,0,1
2024-11-09,Matteo,VDL,Win,Werder Bremen,,1.61,1.61,0,1
2024-11-09,Tom,VDL,BTTS,Crystal Palace,Fulham,1.7,1.7,0,0
2024-11-29,Dom,JHP,Win,Augsburg,,1.72,1.72,0,1
2024-11-29,George,JHP,Win,Nottingham Forest,,1.7,1.7,0,1
2024-11-29,Harry,JHP,Win,FC Zurich,,1.85,1.85,0,0
2024-11-29,Matt,JHP,Win,AFC Wimbledon,,1.5,1.5,0,0
2024-11-29,Sandy,JHP,Win,Bologna,,1.65,1.65,0,1
2024-11-29,Will,JHP,Win,Brentford,,1.65,1.65,0,1
2024-11-29,Ausy,VDL,Win,Burnley,,2.3,2.3,0,1
2024-11-29,Fraser,VDL,Win,Almeria,,1.8,1.8,0,1
2024-11-29,Henry,VDL,Win,RB Leipzig,,1.66,1.66,0,0
2024-11-29,Luke,VDL,Win,Athletico Madrid,,1.57,1.57,0,1
2024-11-29,Matteo,VDL,Win,SK Sturm Graz,,1.65,1.65,0,0
2024-11-29,Tom,VDL,BTTS,Wolves,Bournemouth,1.53,1.53,0,1
2024-12-07,Dom,JHP,Win,Leipzig,,1.6,1.6,0,1
2024-12-07,George,JHP,Win,Man City,,1.57,1.57,0,0
2024-12-07,Harry,JHP,Win,Frankfurt,,1.53,1.53,0,0
2024-12-07,Matt,JHP,Win,Stockport,,1.57,1.57,0,1
2024-12-07,Sandy,JHP,N/A,N/A,,1.63,1.63,0,0
2024-12-07,Will,JHP,Win,Aberdeen,,1.53,1.53,0,0
2024-12-07,Ausy,VDL,Win,Wrexham,,1.85,1.85,0,1
2024-12-07,Fraser,VDL,Win,Dundee United,,2.15,2.15,0,0
2024-12-07,Henry,VDL,Win,Barcelona,,1.6,1.6,0,0
2024-12-07,Luke,VDL,BTTS,Man United,Notts Forest,1.8,1.8,0,1
2024-12-07,Matteo,VDL,N/A,N/A,,1.72,1.72,0,0
2024-12-07,Tom,VDL,BTTS,Brentford,Newcastle,1.5,1.5,0,1
2024-12-14,Dom,JHP,Win,Bayern Munich,,1.48,1.48,0,0
2024-12-14,George,JHP,Win,Napoli,,1.72,1.72,0,1
2024-12-14,Harry,JHP,Win,Blackburn,,2.2,2.2,0,1
2024-12-14,Matt,JHP,BTTS,Wolves,Ipswich,1.67,1.67,0,1
2024-12-14,Sandy,JHP,Win,Real Madrid,,1.57,1.57,0,0
2024-12-14,Will,JHP,Win,Huddersfield,,1.8,1.8,0,0
2024-12-14,Ausy,VDL,Win,Wycombe,,1.73,1.73,0,1
2024-12-14,Fraser,VDL,Win,Walsall,,1.75,1.75,0,1
2024-12-14,Henry,VDL,Win,Bayer Leverkusen,,1.57,1.57,0,1
2024-12-14,Luke,VDL,BTTS,Marseille,Lille,1.57,1.57,0,1
2024-12-14,Matteo,VDL,Win,Wrexham,,1.55,1.55,0,0
2024-12-14,Tom,VDL,BTTS,Notts Forest,Aston Villa,1.75,1.75,0,1
2024-12-21,Dom,JHP,Win,Sunderland,,1.8,1.8,0,1
2024-12-21,George,JHP,Win,Newcastle,,1.72,1.72,0,1
2024-12-21,Harry,JHP,Win,Sheffield United,,2.05,2.05,0,1
2024-12-21,Matt,JHP,Win,Wigan,,1.7,1.7,0,1
2024-12-21,Sandy,JHP,Win,Arsenal,,1.55,1.55,0,1
2024-12-21,Will,JHP,Win,MK Dons,,1.65,1.65,0,0
2024-12-21,Ausy,VDL,Win,Port Vale,,1.73,1.73,0,0
2024-12-21,Fraser,VDL,Win,Werder Bremen,,2.1,2.1,0,1
2024-12-21,Henry,VDL,Win,Napoli,,1.7,1.7,0,1
2024-12-21,Luke,VDL,Win,Walsall,,1.7,1.7,0,1
2024-12-21,Matteo,VDL,BTTS,Frankfurt,Mainz,1.61,1.61,0,1
2024-12-21,Tom,VDL,BTTS,Brentford,Notts Forest,1.57,1.57,0,0
2024-12-26,Dom,JHP,Win,Grimsby,,1.72,1.72,0,1
2024-12-26,George,JHP,Win,Watford,,1.8,1.8,0,1
2024-12-26,Harry,JHP,Win,Wrexham,,2.1,2.1,0,1
2024-12-26,Matt,JHP,BTTS,Newcastle,Aston Villa,1.57,1.57,0,0
2024-12-26,Sandy,JHP,N/A,N/A,,1.62,1.62,0,0
2024-12-26,Will,JHP,Win,Reading,,1.8,1.8,0,1
2024-12-26,Ausy,VDL,N/A,N/A,,1.74,1.74,0,0
2024-12-26,Fraser,VDL,Win,Salford,,2.15,2.15,0,1
2024-12-26,Henry,VDL,Win,Man United,,1.9,1.9,0,0
2024-12-26,Luke,VDL,BTTS,Southampton,West Ham,1.53,1.53,0,0
2024-12-26,Matteo,VDL,BTTS,Bournemouth,Crystal Palace,1.57,1.57,0,0
2024-12-26,Tom,VDL,N/A,N/A,,1.51,1.51,0,0
2024-12-29,Dom,JHP,N/A,N/A,,1.5,1.5,0,0
2024-12-29,George,JHP,Win,Exeter,,1.7,1.7,0,0
2024-12-29,Harry,JHP,Win,Watford,,1.95,1.95,0,0
2024-12-29,Matt,JHP,Win,Leeds,,1.6,1.6,0,1
2024-12-29,Sandy,JHP,Win,Oxford United,,1.85,1.85,0,1
2024-12-29,Will,JHP,Win,Leyton Orient,,1.65,1.65,0,1
2024-12-29,Ausy,VDL,N/A,N/A,,1.5,1.5,0,0
2024-12-29,Fraser,VDL,Win,Blackburn,,2,2,0,0
2024-12-29,Henry,VDL,Win,Bristol City,,1.66,1.66,0,1
2024-12-29,Luke,VDL,Win,Coventry,,1.8,1.8,0,0
2024-12-29,Matteo,VDL,Win,Crystal Palace,,1.57,1.57,0,1
2024-12-29,Tom,VDL,BTTS,Fulham,Bournemouth,1.57,1.57,0,1
2025-01-04,Dom,JHP,Win,Leeds,,1.55,1.55,0,1
2025-01-04,George,JHP,Win,Huddersfield,,1.75,1.75,0,0
2025-01-04,Harry,JHP,Win,Wrexham,,1.65,1.65,0,1
2025-01-04,Matt,JHP,Win,Barnsley,,1.53,1.53,0,1
2025-01-04,Sandy,JHP,Win,Bournemouth,,1.72,1.72,0,1
2025-01-04,Will,JHP,Win,Birmingham,,1.72,1.72,0,1
2025-01-04,Ausy,VDL,Win,Middlesbrough,,1.55,1.55,0,0
2025-01-04,Fraser,VDL,Win,Wycombe,,1.8,1.8,0,0
2025-01-04,Henry,VDL,Win,Lille,,1.53,1.53,0,0
2025-01-04,Luke,VDL,Win,Arsenal,,1.75,1.75,0,0
2025-01-04,Matteo,VDL,BTTS,Watford,Sheffield United,1.83,1.83,0,1
2025-01-04,Tom,VDL,BTTS,Crystal Palace,Chelsea,1.53,1.53,0,1
2025-01-11,Dom,JHP,Win,Mainz,,1.53,1.53,0,1
2025-01-11,George,JHP,Win,Bournemouth,,1.57,1.57,0,1
2025-01-11,Harry,JHP,BTTS,Hoffenheim,Wolfsburg,1.5,1.5,0,0
2025-01-11,Matt,JHP,BTTS,Brest,Lyon,1.57,1.57,0,1
2025-01-11,Sandy,JHP,Win,Sunderland,,1.57,1.57,0,0
2025-01-11,Will,JHP,Win,Real Betis,,1.83,1.83,0,0
2025-01-11,Ausy,VDL,Win,Marseille,,2.38,2.38,0,1
2025-01-11,Fraser,VDL,Win,Juventus,,1.9,1.9,0,0
2025-01-11,Henry,VDL,BTTS,Gladbach,Bayern,1.5,1.5,0,0
2025-01-11,Luke,VDL,Win,Brighton,,1.57,1.57,0,1
2025-01-11,Matteo,VDL,Win,Hibernian,,1.61,1.61,0,1
2025-01-11,Tom,VDL,BTTS,Exeter,Oxford United,1.57,1.57,0,1
2025-01-18,Dom,JHP,Win,PSG,,1.75,1.75,0,1
2025-01-18,George,JHP,Win,Sheffield United,,2.1,2.1,0,1
2025-01-18,Harry,JHP,BTTS,FC Utrecht,AZ,1.61,1.61,0,0
2025-01-18,Matt,JHP,Win,Barnsley,,1.83,1.83,0,0
2025-01-18,Sandy,JHP,Win,Barcelona,,1.5,1.5,0,0
2025-01-18,Will,JHP,Win,Bolton,,1.53,1.53,0,0
2025-01-18,Ausy,VDL,Win,Crewe,,2.2,2.2,0,1
2025-01-18,Fraser,VDL,Win,Wimbledon,,1.61,1.61,0,1
2025-01-18,Henry,VDL,Win,Fulham,,1.9,1.9,0,1
2025-01-18,Luke,VDL,BTTS,Arsenal,Aston Villa,1.95,1.95,0,1
2025-01-18,Matteo,VDL,N/A,N/A,,1.67,1.67,0,0
2025-01-18,Tom,VDL,BTTS,West Ham,Crystal Palace,1.61,1.61,0,0
2025-01-25,Dom,JHP,Win,Rotherham,,1.95,1.95,0,0
2025-01-25,George,JHP,Win,Barnsley,,1.85,1.85,0,0
2025-01-25,Harry,JHP,Win,Huesca,,1.65,1.65,0,1
2025-01-25,Matt,JHP,Win,Gladbach,,1.73,1.73,0,1
2025-01-25,Sandy,JHP,Win,Notts County,,1.85,1.85,0,0
2025-01-25,Will,JHP,Win,Charlton,,1.57,1.57,0,1
2025-01-25,Ausy,VDL,Win,Fleetwood,,1.85,1.85,0,0
2025-01-25,Fraser,VDL,Win,Sevilla,,1.7,1.7,0,0
2025-01-25,Henry,VDL,Win,Monaco,,1.7,1.7,0,1
2025-01-25,Luke,VDL,Win,Crewe,,1.9,1.9,0,0
2025-01-25,Matteo,VDL,Win,Athletico Madrid,,1.66,1.66,0,0
2025-01-25,Tom,VDL,BTTS,Bournemouth,Notts Forest,1.7,1.7,0,0
2025-02-01,Dom,JHP,Win,Burnley,,1.75,1.75,0,0
2025-02-01,George,JHP,Win,Doncaster,,1.75,1.75,0,1
2025-02-01,Harry,JHP,Win,Lugano,,1.85,1.85,0,1
2025-02-01,Matt,JHP,BTTS,Bolton,Reading,1.62,1.62,0,0
2025-02-01,Sandy,JHP,Win,Everton,,1.75,1.75,0,1
2025-02-01,Will,JHP,Win,Wycombe,,1.83,1.83,0,0
2025-02-01,Ausy,VDL,Win,Sheffield Wednesday,,2.1,2.1,0,0
2025-02-01,Fraser,VDL,Win,Hull,,1.9,1.9,0,0
2025-02-01,Henry,VDL,Win,Newcastle,,1.66,1.66,0,0
2025-02-01,Luke,VDL,BTTS,Aston Villa,Wolves,1.57,1.57,0,0
2025-02-01,Matteo,VDL,Win,Hibernian,,1.8,1.8,0,1
2025-02-01,Tom,VDL,BTTS,Ipswich,Southampton,1.66,1.66,0,1
2025-02-08,Dom,JHP,Win,AC Milan,,1.65,1.65,0,1
2025-02-08,George,JHP,Win,Rotherham,,1.66,1.66,0,0
2025-02-08,Harry,JHP,BTTS,Dortmund,Stuttgart,1.5,1.5,0,1
2025-02-08,Matt,JHP,Win,Crewe,,1.57,1.57,0,0
2025-02-08,Sandy,JHP,Win,Newcastle,,1.5,1.5,0,1
2025-02-08,Will,JHP,Win,Lincoln,,1.75,1.75,0,0
2025-02-08,Ausy,VDL,Win,Grimsby,,2.1,2.1,0,1
2025-02-08,Fraser,VDL,Win,Sheffield United,,1.5,1.5,0,1
2025-02-08,Henry,VDL,Win,Villareal,,1.7,1.7,0,1
2025-02-08,Luke,VDL,Win,Norwich,,1.73,1.73,0,0
2025-02-08,Matteo,VDL,Win,Freiburg,,1.7,1.7,0,1
2025-02-08,Tom,VDL,BTTS,Everton,Bournemouth,1.61,1.61,0,0
2025-02-15,Dom,JHP,Win,Bolton,,1.9,1.9,0,1
2025-02-15,George,JHP,Win,Walsall,,1.85,1.85,0,1
2025-02-15,Harry,JHP,BTTS,Stuttgart,Wolfsburg,1.53,1.53,0,1
2025-02-15,Matt,JHP,BTTS,Stevenage,Peterborough,1.8,1.8,0,1
2025-02-15,Sandy,JHP,Win,Real Madrid,,1.6,1.6,0,0
2025-02-15,Will,JHP,Win,Wycombe,,1.83,1.83,0,0
2025-02-15,Ausy,VDL,Win,Stockport,,2.1,2.1,0,1
2025-02-15,Fraser,VDL,Win,Sheffield United,,2.25,2.25,0,1
2025-02-15,Henry,VDL,Win,Monaco,,1.57,1.57,0,1
2025-02-15,Luke,VDL,Win,PSG,,1.5,1.5,0,1
2025-02-15,Matteo,VDL,Win,Bournemouth,,1.53,1.53,0,1
2025-02-15,Tom,VDL,BTTS,West Ham,Brentford,1.5,1.5,0,0
2025-02-22,Dom,JHP,Win,Wycombe,,1.7,1.7,0,0
2025-02-22,George,JHP,Win,West Brom,,1.65,1.65,0,1
2025-02-22,Harry,JHP,BTTS,Vallecano,Villareal,1.61,1.61,0,0
2025-02-22,Matt,JHP,Win,Huddersfield,,1.6,1.6,0,0
2025-02-22,Sandy,JHP,Win,Notts County,,1.57,1.57,0,1
2025-02-22,Will,JHP,Win,Brighton,,1.6,1.6,0,1
2025-02-22,Ausy,VDL,Win,Stockport,,1.8,1.8,0,0
2025-02-22,Fraser,VDL,Win,Aston Villa,,2.7,2.7,0,1
2025-02-22,Henry,VDL,Win,Athletico Madrid,,1.9,1.9,0,1
2025-02-22,Luke,VDL,Win,Bournemouth,,1.61,1.61,0,0
2025-02-22,Matteo,VDL,Win,Coventry,,1.85,1.85,0,1
2025-02-22,Tom,VDL,BTTS,Fulham,Crystal Palace,1.8,1.8,0,0
2025-03-01,Dom,JHP,Win,Stockport,,1.75,1.75,0,1
2025-03-01,George,JHP,Win,Walsall,,1.75,1.75,0,0
2025-03-01,Harry,JHP,Win,Basel,,1.65,1.65,0,1
2025-03-01,Matt,JHP,BTTS,Bayer Leverkusen,Frankfurt,1.66,1.66,0,1
2025-03-01,Sandy,JHP,BTTS,Napoli,Inter Milan,1.9,1.9,0,1
2025-03-01,Will,JHP,Win,Peterborough,,1.95,1.95,0,1
2025-03-01,Ausy,VDL,Win,Sheffield United,,2.4,2.4,0,1
2025-03-01,Fraser,VDL,Win,Aris Limassol,,1.9,1.9,0,1
2025-03-01,Henry,VDL,Win,Real Madrid,,1.72,1.72,0,0
2025-03-01,Luke,VDL,Win,Huesca,,1.61,1.61,0,1
2025-03-01,Matteo,VDL,Win,Nice,,1.66,1.66,0,1
2025-03-01,Tom,VDL,Win,Bournemouth,,1.72,1.72,0,0
2025-03-08,Dom,JHP,Win,Birmingham,,1.5,1.5,0,1
2025-03-08,George,JHP,Win,Bristol City,,1.95,1.95,0,0
2025-03-08,Harry,JHP,Win,Villareal,,2.37,2.37,0,0
2025-03-08,Matt,JHP,Win,West Brom,,1.73,1.73,0,1
2025-03-08,Sandy,JHP,Win,Marseille,,1.55,1.55,0,0
2025-03-08,Will,JHP,Win,Wrexham,,1.95,1.95,0,1
2025-03-08,Ausy,VDL,Win,Sheffield United,,1.65,1.65,0,1
2025-03-08,Fraser,VDL,Win,Burnley,,1.57,1.57,0,1
2025-03-08,Henry,VDL,Win,AC Milan,,1.75,1.75,0,1
2025-03-08,Luke,VDL,Win,Sunderland,,1.55,1.55,0,1
2025-03-08,Matteo,VDL,Win,Wolfsburg,,1.75,1.75,0,0
2025-03-08,Tom,VDL,BTTS,Brighton,Fulham,1.75,1.75,0,1
2025-03-15,Dom,JHP,Win,Charlton,,1.6,1.6,0,1
2025-03-15,George,JHP,Win,Notts Forest,,2,2,0,1
2025-03-15,Harry,JHP,Win,Braga,,1.85,1.85,0,1
2025-03-15,Matt,JHP,BTTS,Bournemouth,Brentford,1.5,1.5,0,1
2025-03-15,Sandy,JHP,BTTS,Leipzig,Dortmund,1.5,1.5,0,0
2025-03-15,Will,JHP,Win,Birmingham,,1.7,1.7,0,0
2025-03-15,Ausy,VDL,Win,Burnley,,2.1,2.1,0,1
2025-03-15,Fraser,VDL,Win,Colchester,,2,2,0,1
2025-03-15,Henry,VDL,Win,AC Milan,,1.8,1.8,0,1
2025-03-15,Luke,VDL,BTTS,Man City,Brighton,1.5,1.5,0,1
2025-03-15,Matteo,VDL,Win,Bradford,,1.6,1.6,0,0
2025-03-15,Tom,VDL,BTTS,Everton,West Ham,1.95,1.95,0,1
2025-03-29,Dom,JHP,Win,Athletico Madrid,,1.6,1.6,0,0
2025-03-29,George,JHP,Win,Wrexham,,1.9,1.9,0,1
2025-03-29,Harry,JHP,Win,Racing Santander,,1.85,1.85,0,1
2025-03-29,Matt,JHP,N/A,N/A,,1.65,1.65,0,0
2025-03-29,Sandy,JHP,Win,Sunderland,,1.61,1.61,0,1
2025-03-29,Will,JHP,Win,Doncaster,,1.55,1.55,0,1
2025-03-29,Ausy,VDL,N/A,N/A,,1.98,1.98,0,0
2025-03-29,Fraser,VDL,Win,Sassuolo,,1.61,1.61,0,1
2025-03-29,Henry,VDL,Win,Roma,,1.83,1.83,0,1
2025-03-29,Luke,VDL,Win,Braga,,1.7,1.7,0,1
2025-03-29,Matteo,VDL,Win,Hibernian,,1.66,1.66,0,1
2025-03-29,Tom,VDL,Win,Wigan,,2.4,2.4,0,0
2025-04-05,Dom,JHP,Win,Grimsby,,1.65,1.65,0,1
2025-04-05,George,JHP,Win,Stockport,,1.87,1.87,0,1
2025-04-05,Harry,JHP,BTTS,West Ham,Bournemouth,1.66,1.66,0,1
2025-04-05,Matt,JHP,BTTS,AZ,Feyenoord,1.66,1.66,0,0
2025-04-05,Sandy,JHP,BTTS,Lyon,Lille,1.61,1.61,0,1
2025-04-05,Will,JHP,Win,Sheffield United,,1.85,1.85,0,0
2025-04-05,Ausy,VDL,Win,Charlton,,1.8,1.8,0,0
2025-04-05,Fraser,VDL,N/A,N/A,,1.88,1.88,0,0
2025-04-05,Henry,VDL,Win,Pisa,,1.83,1.83,0,0
2025-04-05,Luke,VDL,Win,Huddersfield,,1.8,1.8,0,1
2025-04-05,Matteo,VDL,BTTS,Dundee,St Mirren,1.7,1.7,0,0
2025-04-05,Tom,VDL,BTTS,Aston Villa,Notts Forest,1.66,1.66,0,1
2025-04-12,Dom,JHP,Win,Stockport,,1.67,1.67,0,1
2025-04-12,George,JHP,Win,Grimsby,,1.95,1.95,0,1
2025-04-12,Harry,JHP,Win,Notts Forest,,2.1,2.1,0,0
2025-04-12,Matt,JHP,BTTS,Monaco,Marseille,1.5,1.5,0,0
2025-04-12,Sandy,JHP,Win,Celta Vigo,,1.61,1.61,0,0
2025-04-12,Will,JHP,Win,Port Vale,,1.7,1.7,0,1
2025-04-12,Ausy,VDL,Win,Charlton,,1.73,1.73,0,1
2025-04-12,Fraser,VDL,Win,Arsenal,,1.6,1.6,0,0
2025-04-12,Henry,VDL,Win,Aston Villa,,1.55,1.55,0,1
2025-04-12,Luke,VDL,Win,Sunderland,,1.7,1.7,0,0
2025-04-12,Matteo,VDL,BTTS,Hoffenheim,Mainz,1.57,1.57,0,0
2025-04-12,Tom,VDL,BTTS,Sheffield Wednesday,Oxford United,1.9,1.9,0,0
2025-04-18,Dom,JHP,Win,Salford,,1.8,1.8,0,0
2025-04-18,George,JHP,Win,Stockport,,2.05,2.05,0,0
2025-04-18,Harry,JHP,Win,Levante,,1.7,1.7,0,1
2025-04-18,Matt,JHP,Win,Walsall,,1.5,1.5,0,0
2025-04-18,Sandy,JHP,Win,Leyton Orient,,1.66,1.66,0,1
2025-04-18,Will,JHP,Win,Port Vale,,2.05,2.05,0,0
2025-04-18,Ausy,VDL,Win,Sheffield United,,1.57,1.57,0,1
2025-04-18,Fraser,VDL,Win,Charlton,,1.6,1.6,0,1
2025-04-18,Henry,VDL,Win,Monaco,,1.57,1.57,0,0
2025-04-18,Luke,VDL,Win,Mallorca,,1.83,1.83,0,0
2025-04-18,Matteo,VDL,Win,Werder Bremen,,1.7,1.7,0,1
2025-04-18,Tom,VDL,Win,West Ham,,1.5,1.5,0,0
2025-04-20,Dom,JHP,Win,Birmingham,,1.8,1.8,0,1
2025-04-20,George,JHP,N/A,N/A,,1.83,1.83,0,0
2025-04-20,Harry,JHP,Win,Elche,,1.6,1.6,0,1
2025-04-20,Matt,JHP,N/A,N/A,,1.63,1.63,0,0
2025-04-20,Sandy,JHP,Win,Cologne,,1.61,1.61,0,1
2025-04-20,Will,JHP,Win,Salford,,2.2,2.2,0,1
2025-04-20,Ausy,VDL,Win,Stockport,,1.75,1.75,0,1
2025-04-20,Fraser,VDL,Win,Middlesbrough,,2.15,2.15,0,0
2025-04-20,Henry,VDL,Win,Bayer Leverkusen,,1.66,1.66,0,0
2025-04-20,Luke,VDL,Win,Coventry,,1.73,1.73,0,0
2025-04-20,Matteo,VDL,BTTS,Augsburg,Frankfurt,1.75,1.75,0,0
2025-04-20,Tom,VDL,BTTS,Man United,Wolves,1.8,1.8,0,0
2025-04-26,Dom,JHP,Win,Middlesbrough,,1.53,1.53,0,0
2025-04-26,George,JHP,Win,Grimsby,,2.1,2.1,0,0
2025-04-26,Harry,JHP,Win,Strasbourg,,1.6,1.6,0,1
2025-04-26,Matt,JHP,Win,Barnsley,,1.53,1.53,0,0
2025-04-26,Sandy,JHP,Win,Blackburn,,1.7,1.7,0,1
2025-04-26,Will,JHP,Win,Stockport,,1.83,1.83,0,1
2025-04-26,Ausy,VDL,Win,Wolves,,1.53,1.53,0,1
2025-04-26,Fraser,VDL,Win,Aston Villa,,2.2,2.2,0,0
2025-04-26,Henry,VDL,Win,Dortmund,,1.72,1.72,0,1
2025-04-26,Luke,VDL,BTTS,Salford,Colchester,1.91,1.91,0,1
2025-04-26,Matteo,VDL,Win,Fulham,,1.65,1.65,0,1
2025-04-26,Tom,VDL,BTTS,Sheffield Wednesday,Portsmouth,1.72,1.72,0,1
2025-05-03,Dom,JHP,Win,Sunderland,,1.57,1.57,0,0
2025-05-03,George,JHP,Win,Leyton Orient,,1.8,1.8,0,1
2025-05-03,Harry,JHP,Win,Charlton,,1.57,1.57,0,1
2025-05-03,Matt,JHP,Win,Blackpool,,1.61,1.61,0,1
2025-05-03,Sandy,JHP,Win,Salford,,1.61,1.61,0,0
2025-05-03,Will,JHP,Win,Reading,,1.7,1.7,0,0
2025-05-03,Ausy,VDL,Win,Birmingham,,1.57,1.57,0,1
2025-05-03,Fraser,VDL,Win,Bristol City,,1.8,1.8,0,0
2025-05-03,Henry,VDL,Win,Villareal,,1.53,1.53,0,1
2025-05-03,Luke,VDL,Win,Napoli,,1.53,1.53,0,1
2025-05-03,Matteo,VDL,Win,Hibernian,,1.75,1.75,0,1
2025-05-03,Tom,VDL,BTTS,Watford,Sheffield Wednesday,1.53,1.53,0,1
2025-05-10,Dom,JHP,Win,Racing club,,1.85,1.85,0,0
2025-05-10,George,JHP,Win,Brentford,,1.65,1.65,0,1
2025-05-10,Harry,JHP,BTTS,Wolves,Brighton,1.57,1.57,0,0
2025-05-10,Matt,JHP,Win,Monaco,,1.83,1.83,0,1
2025-05-10,Sandy,JHP,Win,Lille,,1.75,1.75,0,0
2025-05-10,Will,JHP,Win,Nice,,1.95,1.95,0,0
2025-05-10,Ausy,VDL,N/A,N/A,,1.88,1.88,0,0
2025-05-10,Fraser,VDL,Win,Mirandes,,1.95,1.95,0,1
2025-05-10,Henry,VDL,Win,Marseille,,1.5,1.5,0,1
2025-05-10,Luke,VDL,Win,Athletico Madrid,,1.67,1.67,0,1
2025-05-10,Matteo,VDL,Win,Celta Vigo,,1.8,1.8,0,1
2025-05-10,Tom,VDL,N/A,N/A,,1.71,1.71,0,0
2025-05-17,Dom,JHP,Win,Nantes,,1.53,1.53,0,1
2025-05-17,George,JHP,Win,CD Alvares,,1.67,1.67,0,1
2025-05-17,Harry,JHP,Win,Napoli,,1.5,1.5,0,0
2025-05-17,Matt,JHP,BTTS,Roma,AC Milan,1.62,1.62,0,1
2025-05-17,Sandy,JHP,Win,St Pauli,,1.66,1.66,0,0
2025-05-17,Will,JHP,Win,Marseille,,1.75,1.75,0,1
2025-05-17,Ausy,VDL,Win,Monaco,,1.85,1.85,0,0
2025-05-17,Fraser,VDL,Win,Barcelona,,1.57,1.57,0,0
2025-05-17,Henry,VDL,Win,Strasbourg,,1.53,1.53,0,0
2025-05-17,Luke,VDL,Win,HSV,,2.2,2.2,0,0
2025-05-17,Matteo,VDL,Win,Inter Milan,,1.61,1.61,0,0
2025-05-17,Tom,VDL,BTTS,Arsenal,Newcastle,1.61,1.61,0,0
2025-05-24,Dom,JHP,Win,Roma,,3.14,3.14,0,1
2025-05-24,George,JHP,Win,Athletico Madrid,,4,4,0,1
2025-05-24,Harry,JHP,Win,Mirandes,,4.4,4.4,0,0
2025-05-24,Matt,JHP,Win,Bologna,,3,3,0,0
2025-05-24,Sandy,JHP,Win,Brighton,,3.4,3.4,0,1
2025-05-24,Will,JHP,Win,Lazio,,3.06,3.06,0,0
2025-05-24,Ausy,VDL,Win,Juventus,,3.06,3.06,0,1
2025-05-24,Fraser,VDL,Win,Charlton,,4.4,4.4,0,1
2025-05-24,Henry,VDL,Win,West Ham,,4.4,4.4,0,1
2025-05-24,Luke,VDL,Win,Aston Villa,,3.46,3.46,0,0
2025-05-24,Matteo,VDL,BTTS,Liverpool,Crystal Palace,3,3,0,1
2025-05-24,Tom,VDL,Win,Atalanta,,3.5,3.5,0,1
2025-08-16,Dom,JHP,Win,Lincoln,,2,2,0,1
2025-08-16,George,JHP,Win,Cardiff,,1.72,1.72,0,1
2025-08-16,Harry,JHP,Win,Millwall,,2.15,2.15,0,0
2025-08-16,Matt,JHP,Win,Salford,,1.7,1.7,0,1
2025-08-16,Sandy,JHP,Win,Man City,,1.53,1.53,0,1
2025-08-16,Will,JHP,Win,Crewe,,1.85,1.85,0,1
2025-08-16,Ausy,VDL,Win,Leicester,,2.05,2.05,0,0
2025-08-16,Fraser,VDL,Win,Bristol City,,1.85,1.85,0,0
2025-08-16,Henry,VDL,Win,Stevenage,,1.66,1.66,0,1
2025-08-16,Luke,VDL,Win,MK Dons,,1.57,1.57,0,1
2025-08-16,Matteo,VDL,Win,Guimaraes,,1.7,1.7,0,1
2025-08-16,Tom,VDL,BTTS,Blackpool,,1.75,1.75,0,1
2025-08-23,Dom,JHP,Win,West Brom,,1.8,1.8,0,0
2025-08-23,George,JHP,Win,Bradford,,2.05,2.05,0,0
2025-08-23,Harry,JHP,BTTS,Bayer Leverkusen,,1.57,1.57,0,1
2025-08-23,Matt,JHP,BTTS,Brentford,,1.66,1.66,0,0
2025-08-23,Sandy,JHP,BTTS,Preston,,1.83,1.83,0,0
2025-08-23,Will,JHP,Win,Bournemouth,,1.8,1.8,0,1
2025-08-23,Ausy,VDL,Win,Coventry,,1.55,1.55,0,1
2025-08-23,Fraser,VDL,Win,RB Salzburg,,1.57,1.57,0,1
2025-08-23,Henry,VDL,Win,Nice,,1.61,1.61,0,1
2025-08-23,Luke,VDL,Win,Stockport,,1.55,1.55,0,1
2025-08-23,Matteo,VDL,Win,Swindon,,1.83,1.83,0,1
2025-08-23,Tom,VDL,BTTS,Huddersfield,,1.95,1.95,0,0
2025-08-30,Dom,JHP,Win,Chesterfield,,1.55,1.55,0,0
2025-08-30,George,JHP,Win,Grimsby,,1.95,1.95,0,0
2025-08-30,Harry,JHP,Win,Valladolid,,1.83,1.83,0,0
2025-08-30,Matt,JHP,BTTS,Tottenham,,1.57,1.57,0,0
2025-08-30,Sandy,JHP,BTTS,Watford,,1.75,1.75,0,1
2025-08-30,Will,JHP,Win,Ipswich,,1.57,1.57,0,0
2025-08-30,Ausy,VDL,Win,Racing Santander,,1.53,1.53,0,1
2025-08-30,Fraser,VDL,Win,Valerenga,,1.66,1.66,0,1
2025-08-30,Henry,VDL,Win,Real Sociedad,,2.25,2.25,0,0
2025-08-30,Luke,VDL,Win,Ceara,,1.6,1.6,0,0
2025-08-30,Matteo,VDL,Win,Antalyaspor,,1.95,1.95,0,0
2025-08-30,Tom,VDL,Win,Coventry,,1.8,1.8,0,0
2025-09-06,Dom,JHP,Win,Football,,1.9,1.9,0,0
2025-09-06,George,JHP,Win,Football,,1.9,1.9,0,1
2025-09-06,Harry,JHP,Win,NFL,,1.86,1.86,0,0
2025-09-06,Matt,JHP,Win,Cricket,,1.83,1.83,0,0
2025-09-06,Sandy,JHP,BTTS,Football,,1.57,1.57,0,1
2025-09-06,Will,JHP,Win,Football,,2,2,0,0
2025-09-06,Ausy,VDL,Win,Tennis,,2.2,2.2,0,1
2025-09-06,Fraser,VDL,Win,F1,,1.8,1.8,0,0
2025-09-06,Henry,VDL,Win,Horse Racing,,1.75,1.75,0,0
2025-09-06,Luke,VDL,Win,Football,,2,2,0,0
2025-09-06,Matteo,VDL,Win,NFL,,1.6,1.6,0,1
2025-09-06,Tom,VDL,Win,Nascar,,1.8,1.8,0,1
2025-09-13,Dom,JHP,Win,Luton,,1.53,1.53,0,0
2025-09-13,George,JHP,Win,Real Madrid,,1.6,1.6,0,1
2025-09-13,Harry,JHP,Win,Mjallby,,1.76,1.76,0,1
2025-09-13,Matt,JHP,Win,West Brom,,1.75,1.75,0,0
2025-09-13,Sandy,JHP,Win,Fulham,,1.95,1.95,0,1
2025-09-13,Will,JHP,Win,Swindon,,1.61,1.61,0,1
2025-09-13,Ausy,VDL,Win,Tranmere,,1.66,1.66,0,0
2025-09-13,Fraser,VDL,Win,Hannover,,1.8,1.8,0,0
2025-09-13,Henry,VDL,Win,Monaco,,1.61,1.61,0,1
2025-09-13,Luke,VDL,Win,Palmeiras,,1.6,1.6,0,1
2025-09-13,Matteo,VDL,Win,Venezia,,1.79,1.79,0,1
2025-09-13,Tom,VDL,BTTS,Bournemouth,,1.53,1.53,0,1
2025-09-20,Dom,JHP,Win,Walsall,,1.95,1.95,0,1
2025-09-20,George,JHP,Win,Gillingham,,2,2,0,1
2025-09-20,Harry,JHP,Win,Huddersfield,,1.57,1.57,0,0
2025-09-20,Matt,JHP,Win,Stevenage,,1.83,1.83,0,1
2025-09-20,Sandy,JHP,BTTS,Brighton,,1.53,1.53,0,1
2025-09-20,Will,JHP,Win,Portsmouth,,1.55,1.55,0,0
2025-09-20,Ausy,VDL,Win,Doncaster,,1.76,1.76,0,0
2025-09-20,Fraser,VDL,Win,Sheffield United,,1.85,1.85,0,0
2025-09-20,Henry,VDL,BTTS,RB Leipzig,,1.61,1.61,0,1
2025-09-20,Luke,VDL,Win,Juventus,,1.55,1.55,0,0
2025-09-20,Matteo,VDL,Win,Groningen,,1.72,1.72,0,1
2025-09-20,Tom,VDL,BTTS,Villarreal,,1.95,1.95,0,1
2025-09-27,Dom,JHP,Win,Barnsley,,2.05,2.05,0,0
2025-09-27,George,JHP,Win,Inter Miami,,1.81,1.81,0,0
2025-09-27,Harry,JHP,Win,Bradford,,1.95,1.95,0,1
2025-09-27,Matt,JHP,Win,Monaco,,1.61,1.61,0,0
2025-09-27,Sandy,JHP,BTTS,Southampton,,1.66,1.66,0,1
2025-09-27,Will,JHP,Win,Stockport,,1.61,1.61,0,0
2025-09-27,Ausy,VDL,Win,Swindon,,1.91,1.91,0,1
2025-09-27,Fraser,VDL,Win,Monza,,1.66,1.66,0,0
2025-09-27,Henry,VDL,Win,Hearts,,1.6,1.6,0,1
2025-09-27,Luke,VDL,Win,MK Dons,,2.2,2.2,0,1
2025-09-27,Matteo,VDL,Win,Gillingham,,1.75,1.75,0,0
2025-09-27,Tom,VDL,Win,Dortmund,,2.1,2.1,0,1
2025-10-04,Dom,JHP,Win,Cardiff,,1.65,1.65,0,1
2025-10-04,George,JHP,Win,Dundee United,,1.91,1.91,0,0
2025-10-04,Harry,JHP,Win,Mjallby,,1.66,1.66,0,1
2025-10-04,Matt,JHP,Win,Marseille,,1.5,1.5,0,1
2025-10-04,Sandy,JHP,BTTS,Derby,,1.9,1.9,0,1
2025-10-04,Will,JHP,Win,Lincoln,,1.66,1.66,0,0
2025-10-04,Ausy,VDL,Win,Barrow,,2.1,2.1,0,0
2025-10-04,Fraser,VDL,Win,Austria Vienna,,1.62,1.62,0,0
2025-10-04,Henry,VDL,Win,Bayer Leverkusen,,1.66,1.66,0,1
2025-10-04,Luke,VDL,Win,Galatasaray,,1.56,1.56,0,0
2025-10-04,Matteo,VDL,Win,Fortuna Sittard,,1.83,1.83,0,1
2025-10-04,Tom,VDL,BTTS,Avellino,,1.8,1.8,0,0
2025-10-11,Dom,JHP,Win,Football,,1.53,1.53,0,0
2025-10-11,George,JHP,Win,Football,,1.62,1.62,0,1
2025-10-11,Harry,JHP,Win,NFL,,2,2,0,1
2025-10-11,Matt,JHP,Win,NFL,,1.91,1.91,0,0
2025-10-11,Sandy,JHP,BTTS,Football,,1.57,1.57,0,0
2025-10-11,Will,JHP,Win,Football,,2.45,2.45,0,0
2025-10-11,Ausy,VDL,Win,Football,,2.55,2.55,0,0
2025-10-11,Fraser,VDL,Win,Football,,1.75,1.75,0,1
2025-10-11,Henry,VDL,Win,Horse Racing,,1.9,1.9,0,0
2025-10-11,Luke,VDL,Win,Football,,1.56,1.56,0,0
2025-10-11,Matteo,VDL,Win,NFL,,1.9,1.9,0,0
2025-10-11,Tom,VDL,Win,Nascar,,2.1,2.1,0,0
2025-10-18,Dom,JHP,Win,Walsall,,1.83,1.83,0,0
2025-10-18,George,JHP,Win,Monaco,,1.61,1.61,0,0
2025-10-18,Harry,JHP,Win,Bradford,,2.1,2.1,0,0
2025-10-18,Matt,JHP,Win,Cardiff,,1.6,1.6,0,1
2025-10-18,Sandy,JHP,BTTS,Rotherham,,1.66,1.66,0,0
2025-10-18,Will,JHP,Win,Swindon,,1.95,1.95,0,0
2025-10-18,Ausy,VDL,Win,Leicester,,1.7,1.7,0,0
2025-10-18,Fraser,VDL,Win,Wolfsberger,,1.9,1.9,0,0
2025-10-18,Henry,VDL,Win,Napoli,,1.75,1.75,0,0
2025-10-18,Luke,VDL,Win,Coventry,,1.53,1.53,0,1
2025-10-18,Matteo,VDL,Win,Galatasaray,,1.57,1.57,0,1
2025-10-18,Tom,VDL,BTTS,Crystal Palace,,1.7,1.7,0,1
2025-10-25,Dom,JHP,Win,Wimbledon,,1.9,1.9,0,0
2025-10-25,George,JHP,Win,Burgos,,1.69,1.69,0,1
2025-10-25,Harry,JHP,Win,Racing Santander,,2.1,2.1,0,1
2025-10-25,Matt,JHP,Win,Middlesbrough,,1.75,1.75,0,0
2025-10-25,Sandy,JHP,BTTS,Blackburn,,1.8,1.8,0,1
2025-10-25,Will,JHP,BTTS,Swindon,,1.61,1.61,0,0
2025-10-25,Ausy,VDL,Win,Liverpool,,1.7,1.7,0,0
2025-10-25,Fraser,VDL,BTTS,Hull,,1.8,1.8,0,1
2025-10-25,Henry,VDL,Win,Palermo,,2.15,2.15,0,0
2025-10-25,Luke,VDL,Win,Flamengo,,1.61,1.61,0,0
2025-10-25,Matteo,VDL,Win,St Gallen,,1.71,1.71,0,1
2025-10-25,Tom,VDL,BTTS,Valencia,,1.7,1.7,0,0
2025-11-01,Dom,JHP,Win,Man United,,2.05,2.05,0,0
2025-11-01,George,JHP,Win,Frankfurt,,1.9,1.9,0,0
2025-11-01,Harry,JHP,Win,Millwall,,2.45,2.45,0,0
2025-11-01,Matt,JHP,Win,Darmstadt,,1.85,1.85,0,0
2025-11-01,Sandy,JHP,BTTS,Southampton,,1.83,1.83,0,0
2025-11-01,Will,JHP,BTTS,Crystal Palace,,1.66,1.66,0,0
2025-11-01,Ausy,VDL,Win,Mansfield,,1.53,1.53,0,1
2025-11-01,Fraser,VDL,Win,Almeria,,1.76,1.76,0,1
2025-11-01,Henry,VDL,Win,Monaco,,1.66,1.66,0,0
2025-11-01,Luke,VDL,Win,Marseille,,1.66,1.66,0,1
2025-11-01,Matteo,VDL,Win,Hibernian,,1.9,1.9,0,0
2025-11-01,Tom,VDL,BTTS,Tottenham,,1.57,1.57,0,0
2025-11-08,Dom,JHP,Win,AC Milan,,1.57,1.57,0,1
2025-11-08,George,JHP,Win,Bolton,,1.7,1.7,0,1
2025-11-08,Harry,JHP,Win,FC Aarau,,1.53,1.53,0,0
2025-11-08,Matt,JHP,Win,Lokomotiv Plovdiv,,1.56,1.56,0,1
2025-11-08,Sandy,JHP,Win,RB Leipzig,,2.4,2.4,0,0
2025-11-08,Will,JHP,Win,West Ham,,1.9,1.9,0,1
2025-11-08,Ausy,VDL,Win,Juventus,,1.5,1.5,0,0
2025-11-08,Fraser,VDL,Win,Chesterfield,,1.66,1.66,0,0
2025-11-08,Henry,VDL,Win,Bradford,,1.7,1.7,0,0
2025-11-08,Luke,VDL,Win,Venezia,,1.66,1.66,0,1
2025-11-08,Matteo,VDL,Win,Trabzonspor,,1.56,1.56,0,0
2025-11-08,Tom,VDL,Win,Walsall,,1.8,1.8,0,1
2025-11-15,Dom,JHP,Win,Darts,,1.61,1.61,0,0
2025-11-15,George,JHP,Win,Football,,1.61,1.61,0,1
2025-11-15,Harry,JHP,Win,NFL,,2.5,2.5,0,0
2025-11-15,Matt,JHP,Win,NFL,,3,3,0,0
2025-11-15,Sandy,JHP,Win,Football,,2.2,2.2,0,0
2025-11-15,Will,JHP,Win,Football,,1.72,1.72,0,0
2025-11-15,Ausy,VDL,Win,Boxing,,1.66,1.66,0,1
2025-11-15,Fraser,VDL,Win,Football,,2.2,2.2,0,1
2025-11-15,Henry,VDL,Win,Horse Racing,,2.37,2.37,0,1
2025-11-15,Luke,VDL,Win,Football,,1.66,1.66,0,1
2025-11-15,Matteo,VDL,Win,NFL,,1.83,1.83,0,0
2025-11-15,Tom,VDL,Win,UFC,,1.74,1.74,0,1
2025-11-22,Dom,JHP,BTTS,Wolves,,1.8,1.8,0,0
2025-11-22,George,JHP,Win,Eibar,,1.71,1.71,0,0
2025-11-22,Harry,JHP,Win,Darmstadt,,1.55,1.55,0,1
2025-11-22,Matt,JHP,BTTS,QPR,,1.8,1.8,0,1
2025-11-22,Sandy,JHP,BTTS,Lens,,1.53,1.53,0,0
2025-11-22,Will,JHP,BTTS,Brighton,,1.61,1.61,0,1
2025-11-22,Ausy,VDL,Win,Birmingham,,1.66,1.66,0,1
2025-11-22,Fraser,VDL,BTTS,Derby,,1.9,1.9,0,1
2025-11-22,Henry,VDL,Win,Juventus,,2,2,0,0
2025-11-22,Luke,VDL,BTTS,Newcastle,,1.61,1.61,0,1
2025-11-22,Matteo,VDL,BTTS,Molde,,1.53,1.53,0,0
2025-11-22,Tom,VDL,BTTS,Mansfield,,1.7,1.7,0,1
2025-11-29,Dom,JHP,Win,QPR,,2.8,2.8,0,0
2025-11-29,George,JHP,Win,Nurnberg,,2.87,2.87,0,0
2025-11-29,Harry,JHP,Win,Gaziantep,,2.05,2.05,0,0
2025-11-29,Matt,JHP,BTTS,Fortuna Sittard,,1.57,1.57,0,1
2025-11-29,Sandy,JHP,Win,Southampton,,2.2,2.2,0,0
2025-11-29,Will,JHP,Win,Deportivo la Coruna,,2.7,2.7,0,1
2025-11-29,Ausy,VDL,Win,Lincoln,,2,2,0,1
2025-11-29,Fraser,VDL,Win,Union Berlin,,1.66,1.66,0,0
2025-11-29,Henry,VDL,Win,Marseille,,1.6,1.6,0,0
2025-11-29,Luke,VDL,BTTS,Bayer Leverkusen,,1.5,1.5,0,1
2025-11-29,Matteo,VDL,Win,Gil Vicente,,1.56,1.56,0,0
2025-11-29,Tom,VDL,BTTS,Huddersfield,,1.9,1.9,0,1
2025-12-06,Dom,JHP,Win,PSV,,1.57,1.57,0,1
2025-12-06,George,JHP,Win,Bayer Leverkusen,,1.9,1.9,0,0
2025-12-06,Harry,JHP,Win,Stuttgart,,5.75,5.75,0,0
2025-12-06,Matt,JHP,Win,Rennes,,9,9,0,0
2025-12-06,Sandy,JHP,Win,Lens,,1.7,1.7,0,1
2025-12-06,Will,JHP,Win,Sunderland,,10,10,0,0
2025-12-06,Ausy,VDL,Win,Motherwell,,1.7,1.7,0,1
2025-12-06,Fraser,VDL,BTTS,Preston,,1.83,1.83,0,1
2025-12-06,Henry,VDL,Win,Slovan Brastislava,,1.53,1.53,0,0
2025-12-06,Luke,VDL,BTTS,Leeds,,1.61,1.61,0,1
2025-12-06,Matteo,VDL,Win,Atalanta,,1.66,1.66,0,0
2025-12-06,Tom,VDL,BTTS,Bournemouth,,1.53,1.53,0,0
2025-12-13,Dom,JHP,BTTS,Liverpool,,1.53,1.53,0,0
2025-12-13,George,JHP,Win,Cesena,,1.71,1.71,0,1
2025-12-13,Harry,JHP,Win,Racing Santander,,1.76,1.76,0,0
2025-12-13,Matt,JHP,Win,Walsall,,1.7,1.7,0,0
2025-12-13,Sandy,JHP,Win,NEC,,1.9,1.9,0,0
2025-12-13,Will,JHP,Win,Luton,,1.75,1.75,0,0
2025-12-13,Ausy,VDL,Win,Lincoln,,4.5,2.25,1,1
2025-12-13,Fraser,VDL,BTTS,Millwall,,3.44,1.72,1,1
2025-12-13,Henry,VDL,Win,Hearts,,3.6,1.8,1,1
2025-12-13,Luke,VDL,Win,Coventry,,3.4,1.7,1,1
2025-12-13,Matteo,VDL,Win,Cardiff,,3.5,1.75,1,1
2025-12-13,Tom,VDL,Win,Gillingham,,3.7,1.85,1,1
2025-12-20,Dom,JHP,BTTS,Sheffield United,,1.66,1.66,0,0
2025-12-20,George,JHP,Win,MK Dons,,1.61,1.61,0,1
2025-12-20,Harry,JHP,Win,Frosinone,,1.86,1.86,0,1
2025-12-20,Matt,JHP,BTTS,Leeds,,1.8,1.8,0,1
2025-12-20,Sandy,JHP,BTTS,Brighton,,1.8,1.8,0,0
2025-12-20,Will,JHP,Win,Colchester United,,1.5,1.5,0,1
2025-12-20,Ausy,VDL,Win,Monza,,1.56,1.56,0,1
2025-12-20,Fraser,VDL,BTTS,QPR,,1.66,1.66,0,1
2025-12-20,Henry,VDL,Win,Liverpool,,2,2,0,1
2025-12-20,Luke,VDL,Win,Swindon,,1.72,1.72,0,1
2025-12-20,Matteo,VDL,BTTS,Hull,,1.66,1.66,0,0
2025-12-20,Tom,VDL,BTTS,Rotherham,,1.7,1.7,0,1
2026-01-03,Dom,JHP,Win,Cardiff,,1.65,1.65,0,1
2026-01-03,George,JHP,N/A,N/A,,1.72,1.72,0,0
2026-01-03,Harry,JHP,N/A,N/A,,1.72,1.72,0,0
2026-01-03,Matt,JHP,Win,Man City,,1.62,1.62,0,0
2026-01-03,Sandy,JHP,Win,Huddersfield,,1.55,1.55,0,0
2026-01-03,Will,JHP,N/A,N/A,,1.72,1.72,0,0
2026-01-03,Ausy,VDL,N/A,N/A,,1.72,1.72,0,0
2026-01-03,Fraser,VDL,Win,Motherwell,,2,2,0,1
2026-01-03,Henry,VDL,Win,Hibernian,,1.85,1.85,0,1
2026-01-03,Luke,VDL,N/A,N/A,,1.72,1.72,0,0
2026-01-03,Matteo,VDL,Win,Adelaide,,1.62,1.62,0,0
2026-01-03,Tom,VDL,N/A,N/A,,1.72,1.72,0,0
2026-01-10,Dom,JHP,Win,Como,,1.95,1.95,0,0
2026-01-10,George,JHP,Win,Union Berlin,,2.1,2.1,0,0
2026-01-10,Harry,JHP,Win,Juve Stabia,,1.76,1.76,0,0
2026-01-10,Matt,JHP,Win,Monza,,1.91,1.91,0,0
2026-01-10,Sandy,JHP,BTTS,Spurs,,1.66,1.66,0,1
2026-01-10,Will,JHP,Win,Racing Santander,,1.62,1.62,0,0
2026-01-10,Ausy,VDL,Win,Roma,,1.53,1.53,0,1
2026-01-10,Fraser,VDL,BTTS,Aris Limassol,,1.61,1.61,0,0
2026-01-10,Henry,VDL,Win,Groningen,,1.66,1.66,0,0
2026-01-10,Luke,VDL,Win,Atalanta,,1.57,1.57,0,1
2026-01-10,Matteo,VDL,BTTS,Newcastle,,1.61,1.61,0,1
2026-01-10,Tom,VDL,BTTS,Valencia,,1.8,1.8,0,1
2026-01-17,Dom,JHP,Win,Juventus,,1.5,1.5,0,0
2026-01-17,George,JHP,Win,Stockport,,1.53,1.53,0,1
2026-01-17,Harry,JHP,Win,Arsenal,,1.53,1.53,0,0
2026-01-17,Matt,JHP,BTTS,Hertha Berlin,,1.72,1.72,0,0
2026-01-17,Sandy,JHP,BTTS,Real Betis,,1.53,1.53,0,0
2026-01-17,Will,JHP,BTTS,Wrexham,,1.66,1.66,0,1
2026-01-17,Ausy,VDL,Win,Mansfield,,2.25,2.25,0,1
2026-01-17,Fraser,VDL,BTTS,Leeds,,1.8,1.8,0,0
2026-01-17,Henry,VDL,Win,Tottenham,,1.72,1.72,0,0
2026-01-17,Luke,VDL,Win,Bayern Munich,,1.55,1.55,0,1
2026-01-17,Matteo,VDL,N/A,N/A,,1.62,1.62,0,0
2026-01-17,Tom,VDL,BTTS,Swindon,,1.61,1.61,0,1
2026-01-24,Dom,JHP,Win,Cambridge,,1.75,1.75,0,1
2026-01-24,George,JHP,Win,Salford,,1.72,1.72,0,1
2026-01-24,Harry,JHP,BTTS,Union Berlin,,1.75,1.75,0,0
2026-01-24,Matt,JHP,BTTS,Mainz,,1.61,1.61,0,1
2026-01-24,Sandy,JHP,BTTS,Marseille,,1.53,1.53,0,1
2026-01-24,Will,JHP,BTTS,Wycombe,,1.75,1.75,0,0
2026-01-24,Ausy,VDL,Win,Hull,,2.37,2.37,0,1
2026-01-24,Fraser,VDL,Win,Leicester,,1.9,1.9,0,0
2026-01-24,Henry,VDL,Win,Real Madrid,,2,2,0,1
2026-01-24,Luke,VDL,Win,MK Dons,,1.5,1.5,0,1
2026-01-24,Matteo,VDL,Win,Frosinone,,1.57,1.57,0,1
2026-01-24,Tom,VDL,BTTS,Fulham,,1.61,1.61,0,1
2026-01-31,Dom,JHP,Win,Hoffenheim,,1.8,1.8,0,1
2026-01-31,George,JHP,Win,Cardiff,,1.75,1.75,0,0
2026-01-31,Harry,JHP,Win,Hull,,3,3,0,1
2026-01-31,Matt,JHP,Win,Napoli,,1.72,1.72,0,1
2026-01-31,Sandy,JHP,BTTS,Paris,,1.61,1.61,0,1
2026-01-31,Will,JHP,BTTS,Gillingham,,1.8,1.8,0,1
2026-01-31,Ausy,VDL,Win,Middlesborough,,1.66,1.66,0,1
2026-01-31,Fraser,VDL,BTTS,Leeds,,2,2,0,0
2026-01-31,Henry,VDL,Win,RB Leipzig,,1.55,1.55,0,0
2026-01-31,Luke,VDL,Win,Chelsea,,1.5,1.5,0,1
2026-01-31,Matteo,VDL,Win,Swindon,,1.75,1.75,0,1
2026-01-31,Tom,VDL,BTTS,Oldham,,2.1,2.1,0,0
2026-02-07,Dom,JHP,Win,Real Sociedad,,1.66,1.66,0,1
2026-02-07,George,JHP,Win,Lyon,,1.7,1.7,0,1
2026-02-07,Harry,JHP,Win,Stuttgart,,1.8,1.8,0,0
2026-02-07,Matt,JHP,Win,Estoril,,1.66,1.66,0,0
2026-02-07,Sandy,JHP,BTTS,Bournemouth,,1.53,1.53,0,1
2026-02-07,Will,JHP,Win,Stockport,,1.65,1.65,0,0
2026-02-07,Ausy,VDL,Win,Notts County,,3.1,1.55,1,1
2026-02-07,Fraser,VDL,Win,Lens,,3.5,1.75,1,1
2026-02-07,Henry,VDL,Win,Napoli,,3.9,1.95,1,1
2026-02-07,Luke,VDL,Win,Chelsea,,3.32,1.66,1,1
2026-02-07,Matteo,VDL,Win,Bolton,,3.32,1.66,1,1
2026-02-07,Tom,VDL,BTTS,Fulham,,3.9,1.95,1,1
2026-02-14,Dom,JHP,Win,Como,,1.7,1.7,0,0
2026-02-14,George,JHP,Win,Lens,,1.85,1.85,0,1
2026-02-14,Harry,JHP,BTTS,Marseille,,1.61,1.61,0,1
2026-02-14,Matt,JHP,Win,Norwich,,2.2,2.2,0,1
2026-02-14,Sandy,JHP,Win,Aston Villa,,1.53,1.53,0,1
2026-02-14,Will,JHP,Win,Bayer Leverkusen,,1.5,1.5,0,1
2026-02-14,Ausy,VDL,Win,Cardiff,,1.75,1.75,0,1
2026-02-14,Fraser,VDL,Win,Cambridge,,1.7,1.7,0,1
2026-02-14,Henry,VDL,Win,Hibernian,,1.85,1.85,0,1
2026-02-14,Luke,VDL,Win,St Gallen,,1.69,1.69,0,0
2026-02-14,Matteo,VDL,Win,Palermo,,1.61,1.61,0,1
2026-02-14,Tom,VDL,BTTS,Southampton,,1.66,1.66,0,1
2026-02-21,Dom,JHP,Win,Notts County,,1.7,1.7,0,1
2026-02-21,George,JHP,Win,Real Madrid,,1.7,1.7,0,0
2026-02-21,Harry,JHP,Win,Hoffenheim,,2.05,2.05,0,0
2026-02-21,Matt,JHP,Win,Millwall,,1.83,1.83,0,0
2026-02-21,Sandy,JHP,Win,Lens,,1.65,1.65,0,1
2026-02-21,Will,JHP,Win,Aston Villa,,1.85,1.85,0,0
2026-02-21,Ausy,VDL,Win,Bromley,,1.66,1.66,0,0
2026-02-21,Fraser,VDL,Win,Real Betis,,1.9,1.9,0,0
2026-02-21,Henry,VDL,Win,Schalke,,2.2,2.2,0,1
2026-02-21,Luke,VDL,Win,Stockport,,1.61,1.61,0,1
2026-02-21,Matteo,VDL,Win,Bolton,,1.53,1.53,0,0
2026-02-21,Tom,VDL,BTTS,Huddersfield,,1.7,1.7,0,1
2026-02-28,Dom,JHP,Win,Bayern Munich,,1.6,1.6,0,1
2026-02-28,George,JHP,Win,Schalke,,1.7,1.7,0,0
2026-02-28,Harry,JHP,BTTS,NEC,,1.57,1.57,0,1
2026-02-28,Matt,JHP,BTTS,Newcastle,,1.75,1.75,0,1
2026-02-28,Sandy,JHP,BTTS,Castellon,,1.61,1.61,0,1
2026-02-28,Will,JHP,Win,Coventry,,1.53,1.53,0,1
2026-02-28,Ausy,VDL,Win,Man City,,3.2,1.6,1,1
2026-02-28,Fraser,VDL,Win,Wrexham,,4.6,2.3,1,1
2026-02-28,Henry,VDL,BTTS,Heerenveen,,3,1.5,1,1
2026-02-28,Luke,VDL,Win,Crewe,,4.1,2.05,1,1
2026-02-28,Matteo,VDL,Win,FC Thun,,3.72,1.86,1,1
2026-02-28,Tom,VDL,BTTS,Stevenage,,4,2.0,1,1
2026-03-07,Dom,JHP,Win,Sheff United,,1.75,1.75,0,0
2026-03-07,George,JHP,Win,Hoffenheim,,1.57,1.57,0,1
2026-03-07,Harry,JHP,Win,Braga,,1.75,1.75,0,1
2026-03-07,Matt,JHP,Win,Malaga,,1.9,1.9,0,1
2026-03-07,Sandy,JHP,BTTS,Toulouse,,1.66,1.66,0,0
2026-03-07,Will,JHP,Win,Monza,,2,2,0,1
2026-03-07,Ausy,VDL,Win,Bradford,,1.83,1.83,0,1
2026-03-07,Fraser,VDL,Win,Coventry,,2,2,0,1
2026-03-07,Henry,VDL,Win,Man City,,2.05,2.05,0,1
2026-03-07,Luke,VDL,Win,Dortmund,,1.75,1.75,0,1
2026-03-07,Matteo,VDL,BTTS,Besiktas,,1.5,1.5,0,0
2026-03-07,Tom,VDL,BTTS,Bristol Rovers,,1.66,1.66,0,1
2026-03-14,Dom,JHP,Win,Bayern Munich,,1.55,1.55,0,0
2026-03-14,George,JHP,Win,Millwall,,1.7,1.7,0,0
2026-03-14,Harry,JHP,Win,FC Thun,,1.56,1.56,0,1
2026-03-14,Matt,JHP,Win,Viking FK,,1.61,1.61,0,0
2026-03-14,Sandy,JHP,BTTS,Reading,,1.61,1.61,0,1
2026-03-14,Will,JHP,Win,Racing Santander,,2.2,2.2,0,1
2026-03-14,Ausy,VDL,Win,Bromley,,1.9,1.9,0,1
2026-03-14,Fraser,VDL,Win,Hull,,3.25,3.25,0,0
2026-03-14,Henry,VDL,Win,Man City,,1.66,1.66,0,0
2026-03-14,Luke,VDL,Win,Frankfurt,,1.53,1.53,0,1
2026-03-14,Matteo,VDL,Win,Hearts,,1.7,1.7,0,0
2026-03-14,Tom,VDL,BTTS,Chelsea,,1.5,1.5,0,0
2026-03-21,Dom,JHP,Win,Oldham,,1.65,1.65,0,1
2026-03-21,George,JHP,Win,Leverkusen,,1.57,1.57,0,1
2026-03-21,Harry,JHP,BTTS,Fortuna Sittard,,1.61,1.61,0,1
2026-03-21,Matt,JHP,BTTS,Leyton Orient,,1.75,1.75,0,0
2026-03-21,Sandy,JHP,BTTS,Wolfsburg,,1.57,1.57,0,0
2026-03-21,Will,JHP,BTTS,Wrexham,,1.66,1.66,0,1
2026-03-21,Ausy,VDL,Win,Bromley,,2.1,2.1,0,1
2026-03-21,Fraser,VDL,Win,Racing Santander,,1.79,1.79,0,0
2026-03-21,Henry,VDL,Win,Coventry,,2.15,2.15,0,1
2026-03-21,Luke,VDL,Win,Famalicao,,1.66,1.66,0,1
2026-03-21,Matteo,VDL,Win,FC Thun,,1.81,1.81,0,0
2026-03-21,Tom,VDL,BTTS,Huddersfield,,1.66,1.66,0,1
2026-03-28,Dom,JHP,Win,Horse Racing,,2.5,2.5,0,0
2026-03-28,George,JHP,Win,Football,,1.75,1.75,0,0
2026-03-28,Harry,JHP,Win,Football,,2.9,2.9,0,0
2026-03-28,Matt,JHP,Win,Football,,2.15,2.15,0,0
2026-03-28,Sandy,JHP,Win,Tennis,,1.53,1.53,0,1
2026-03-28,Will,JHP,Win,League of Legends,,1.53,1.53,0,0
2026-03-28,Ausy,VDL,Win,Lacrosse,,1.8,1.8,0,1
2026-03-28,Fraser,VDL,Win,Cricket,,1.5,1.5,0,1
2026-03-28,Henry,VDL,Win,Horse Racing,,1.53,1.53,0,0
2026-03-28,Luke,VDL,Win,Volleyball,,1.53,1.53,0,1
2026-03-28,Matteo,VDL,Win,Ice Hockey,,1.6,1.6,0,0
2026-03-28,Tom,VDL,Win,Nascar,,1.76,1.76,0,0
2026-04-03,Dom,JHP,BTTS,QPR,,1.66,1.66,0,1
2026-04-03,George,JHP,Win,Real Madrid,,1.57,1.57,0,0
2026-04-03,Harry,JHP,BTTS,AZ,,1.66,1.66,0,0
2026-04-03,Matt,JHP,BTTS,Hoffenheim,,1.53,1.53,0,1
2026-04-03,Sandy,JHP,BTTS,Betis,,1.8,1.8,0,0
2026-04-03,Will,JHP,BTTS,Salford,,1.72,1.72,0,1
2026-04-03,Ausy,VDL,Win,Grimsby,,1.55,1.55,0,0
2026-04-03,Fraser,VDL,Win,Blackpool,,2.15,2.15,0,1
2026-04-03,Henry,VDL,Win,Barcelona,,2.2,2.2,0,1
2026-04-03,Luke,VDL,Win,Cambuur,,1.86,1.86,0,0
2026-04-03,Matteo,VDL,Win,Norwich,,1.95,1.95,0,0
2026-04-03,Tom,VDL,BTTS,Newport County,,1.66,1.66,0,0
2026-04-04,Dom,JHP,BTTS,Hull City,,1.66,1.66,0,0
2026-04-04,George,JHP,Win,Cambridge United,,1.57,1.57,0,0
2026-04-04,Harry,JHP,Win,Notts County,,1.53,1.53,0,1
2026-04-04,Matt,JHP,BTTS,Girona,,1.57,1.57,0,0
2026-04-04,Sandy,JHP,BTTS,West Ham,,1.61,1.61,0,1
2026-04-04,Will,JHP,BTTS,Bolton,,1.61,1.61,0,1
2026-04-04,Ausy,VDL,Win,Millwall,,2.15,2.15,0,0
2026-04-04,Fraser,VDL,Win,Ipswich,,1.57,1.57,0,1
2026-04-04,Henry,VDL,Win,Le Havre,,2.6,2.6,0,0
2026-04-04,Luke,VDL,Win,Malmo,,1.56,1.56,0,0
2026-04-04,Matteo,VDL,Win,Hearts,,1.5,1.5,0,0
2026-04-04,Tom,VDL,BTTS,Gillingham,,1.83,1.83,0,0
2026-04-11,Dom,JHP,Win,Salford,,1.61,1.61,0,0
2026-04-11,George,JHP,BTTS,Wolfsburg,,1.5,1.5,0,1
2026-04-11,Harry,JHP,BTTS,Leverkusen,,1.5,1.5,0,0
2026-04-11,Matt,JHP,BTTS,Liverpool,,1.57,1.57,0,0
2026-04-11,Sandy,JHP,Win,Trabzonspor,,2.45,2.45,0,0
2026-04-11,Will,JHP,BTTS,Southampton,,1.72,1.72,0,1
2026-04-11,Ausy,VDL,Win,Middlesbrough,,1.53,1.53,0,0
2026-04-11,Fraser,VDL,BTTS,Oxford,,1.8,1.8,0,0
2026-04-11,Henry,VDL,Win,Brighton,,1.7,1.7,0,1
2026-04-11,Luke,VDL,Win,Utrecht,,1.61,1.61,0,1
2026-04-11,Matteo,VDL,Win,Leipzig,,1.5,1.5,0,1
2026-04-11,Tom,VDL,BTTS,Leicester,,1.66,1.66,0,0
2026-04-18,Dom,JHP,Win,Southampton,,1.83,1.83,0,1
2026-04-18,George,JHP,BTTS,Leverkusen,,1.61,1.61,0,1
2026-04-18,Harry,JHP,BTTS,Lorient ,,1.66,1.66,0,0
2026-04-18,Matt,JHP,BTTS,Tottenham,,1.57,1.57,0,1
2026-04-18,Sandy,JHP,Win,Lille,,1.5,1.5,0,0
2026-04-18,Will,JHP,BTTS,Notts County,,1.72,1.72,0,1
2026-04-18,Ausy,VDL,Win,Bristol Rovers,,2.45,2.45,0,1
2026-04-18,Fraser,VDL,Win,Hull,,2.4,2.4,0,0
2026-04-18,Henry,VDL,Win,Napoli,,1.55,1.55,0,0
2026-04-18,Luke,VDL,BTTS,Mansfield,,1.61,1.61,0,1
2026-04-18,Matteo,VDL,Win,Leeds,,1.6,1.6,0,1
2026-04-18,Tom,VDL,BTTS,Crewe,,1.66,1.66,0,1
2026-04-25,Dom,JHP,BTTS,Norwich,,1.66,1.66,0,1
2026-04-25,George,JHP,BTTS,Cologne,,1.53,1.53,0,1
2026-04-25,Harry,JHP,Win,Ajax,,2.05,2.05,0,1
2026-04-25,Matt,JHP,BTTS,Wolfsburg,,1.53,1.53,0,0
2026-04-25,Sandy,JHP,Win,Lincoln,,1.8,1.8,0,1
2026-04-25,Will,JHP,BTTS,Huddersfield,,1.66,1.66,0,1
2026-04-25,Ausy,VDL,Win,Wigan,,2.2,2.2,0,0
2026-04-25,Fraser,VDL,Win,Lyon,,1.66,1.66,0,1
2026-04-25,Henry,VDL,Win,Monaco,,2.05,2.05,0,1
2026-04-25,Luke,VDL,Win,Palermo,,1.56,1.56,0,0
2026-04-25,Matteo,VDL,Win,Viking FK,,1.72,1.72,0,1
2026-04-25,Tom,VDL,BTTS,Everton,,1.66,1.66,0,1
2026-05-02,Dom,JHP,BTTS,Bolton,,1.5,1.5,0,1
2026-05-02,George,JHP,BTTS,Union Berlin,,1.66,1.66,0,1
2026-05-02,Harry,JHP,Win,FC Utrecht,,1.8,1.8,0,1
2026-05-02,Matt,JHP,Win,Schalke,,1.55,1.55,0,1
2026-05-02,Sandy,JHP,Win,MK Dons,,1.83,1.83,0,0
2026-05-02,Will,JHP,Win,Swindon,,1.57,1.57,0,1
2026-05-02,Ausy,VDL,Win,Salford,,1.9,1.9,0,0
2026-05-02,Fraser,VDL,Win,Eibar,,2,2,0,0
2026-05-02,Henry,VDL,Win,Atalanta,,1.57,1.57,0,0
2026-05-02,Luke,VDL,BTTS,Notts County,,1.72,1.72,0,1
2026-05-02,Matteo,VDL,Win,Lincoln,,1.66,1.66,0,1
2026-05-02,Tom,VDL,BTTS,Wimbledon,,1.66,1.66,0,0
2026-05-09,Dom,JHP,BTTS,Bolton,,1.8,1.8,0,0
2026-05-09,George,JHP,BTTS,Leipzig,,1.8,1.8,0,1
2026-05-09,Harry,JHP,Win,Bayern Munich,,1.65,1.65,0,1
2026-05-09,Matt,JHP,BTTS,Hoffenheim,,1.5,1.5,0,0
2026-05-09,Sandy,JHP,BTTS,Motherwell,,1.7,1.7,0,1
2026-05-09,Will,JHP,BTTS,Real Betis,,1.53,1.53,0,1
2026-05-09,Ausy,VDL,Win,Atletico Madrid,,2.05,2.05,0,0
2026-05-09,Fraser,VDL,BTTS,Stevenage,,1.95,1.95,0,0
2026-05-09,Henry,VDL,Win,Dundee,,1.75,1.75,0,1
2026-05-09,Luke,VDL,Win,Boca Juniors,,1.86,1.86,0,0
2026-05-09,Matteo,VDL,Win,Hammarby,,1.62,1.62,0,1
2026-05-09,Tom,VDL,Win,Man United,,1.85,1.85,0,0
2026-05-16,Dom,JHP,Win,Istanbul Başakşehir,,1.69,1.69,0,1
2026-05-16,George,JHP,BTTS,Leverkusen,,1.57,1.57,0,1
2026-05-16,Harry,JHP,Win,Hoffenheim,,1.7,1.7,0,0
2026-05-16,Matt,JHP,Win,Elfsborg,,1.86,1.86,0,0
2026-05-16,Sandy,JHP,Win,Eibar,,2.4,2.4,0,0
2026-05-16,Will,JHP,BTTS,AD Ceuta,,1.61,1.61,0,1
2026-05-16,Ausy,VDL,Win,Leipzig,,2.4,2.4,0,0
2026-05-16,Fraser,VDL,Win,Almeria,,1.9,1.9,0,0
2026-05-16,Henry,VDL,Win,Dortmund,,1.95,1.95,0,1
2026-05-16,Luke,VDL,Win,Braga,,1.56,1.56,0,0
2026-05-16,Matteo,VDL,Win,MSK Zilina,,1.51,1.51,0,0
2026-05-16,Tom,VDL,BTTS,Chelsea,,1.7,1.7,0,0
2026-05-23,Dom,JHP,Win,Sirius,,1.69,1.69,0,1
2026-05-23,George,JHP,BTTS,Bayern Munich,,1.53,1.53,0,0
2026-05-23,Harry,JHP,Win,Lazio,,1.55,1.55,0,1
2026-05-23,Matt,JHP,Win,Middlesbrough,,1.83,1.83,0,0
2026-05-23,Sandy,JHP,BTTS,Brighton,,1.5,1.5,0,0
2026-05-23,Will,JHP,BTTS,Liverpool,,1.5,1.5,0,1
2026-05-23,Ausy,VDL,Win,Bournemouth,,2.05,2.05,0,0
2026-05-23,Fraser,VDL,Win,West Ham,,1.83,1.83,0,1
2026-05-23,Henry,VDL,Win,Barcelona,,1.85,1.85,0,0
2026-05-23,Luke,VDL,Win,Inter,,2.2,2.2,0,0
2026-05-23,Matteo,VDL,BTTS,Tottenham,,1.66,1.66,0,0
2026-05-23,Tom,VDL,Win,Arsenal,,1.8,1.8,0,1
